--
-- PostgreSQL database dump
--

-- Dumped from database version 11.4 (Debian 11.4-1.pgdg90+1)
-- Dumped by pg_dump version 11.4 (Debian 11.4-1.pgdg90+1)

SET statement_timeout = 0;
SET lock_timeout = 0;
SET idle_in_transaction_session_timeout = 0;
SET client_encoding = 'UTF8';
SET standard_conforming_strings = on;
SELECT pg_catalog.set_config('search_path', '', false);
SET check_function_bodies = false;
SET xmloption = content;
SET client_min_messages = warning;
SET row_security = off;

SET default_tablespace = '';

SET default_with_oids = false;

--
-- Name: device; Type: TABLE; Schema: public; Owner: postgres
--

CREATE TABLE public.device (
    deviceid character varying(10) NOT NULL,
    devicename character varying(30),
    userid integer
);


ALTER TABLE public.device OWNER TO postgres;

--
-- Name: monitor; Type: TABLE; Schema: public; Owner: postgres
--

CREATE TABLE public.monitor (
    id integer NOT NULL,
    deviceid character varying(10),
    status character varying(10),
    "time" timestamp without time zone,
    load double precision
);


ALTER TABLE public.monitor OWNER TO postgres;

--
-- Name: monitor_id_seq; Type: SEQUENCE; Schema: public; Owner: postgres
--

CREATE SEQUENCE public.monitor_id_seq
    AS integer
    START WITH 1
    INCREMENT BY 1
    NO MINVALUE
    NO MAXVALUE
    CACHE 1;


ALTER TABLE public.monitor_id_seq OWNER TO postgres;

--
-- Name: monitor_id_seq; Type: SEQUENCE OWNED BY; Schema: public; Owner: postgres
--

ALTER SEQUENCE public.monitor_id_seq OWNED BY public.monitor.id;


--
-- Name: users; Type: TABLE; Schema: public; Owner: postgres
--

CREATE TABLE public.users (
    userid integer NOT NULL,
    username character varying(30),
    password character varying(100)
);


ALTER TABLE public.users OWNER TO postgres;

--
-- Name: user_userid_seq; Type: SEQUENCE; Schema: public; Owner: postgres
--

CREATE SEQUENCE public.user_userid_seq
    AS integer
    START WITH 1
    INCREMENT BY 1
    NO MINVALUE
    NO MAXVALUE
    CACHE 1;


ALTER TABLE public.user_userid_seq OWNER TO postgres;

--
-- Name: user_userid_seq; Type: SEQUENCE OWNED BY; Schema: public; Owner: postgres
--

ALTER SEQUENCE public.user_userid_seq OWNED BY public.users.userid;


--
-- Name: monitor id; Type: DEFAULT; Schema: public; Owner: postgres
--

ALTER TABLE ONLY public.monitor ALTER COLUMN id SET DEFAULT nextval('public.monitor_id_seq'::regclass);


--
-- Name: users userid; Type: DEFAULT; Schema: public; Owner: postgres
--

ALTER TABLE ONLY public.users ALTER COLUMN userid SET DEFAULT nextval('public.user_userid_seq'::regclass);


--
-- Data for Name: device; Type: TABLE DATA; Schema: public; Owner: postgres
--

INSERT INTO public.device VALUES ('S10', 'Sample Device 1', 1);
INSERT INTO public.device VALUES ('S11', 'Sample Device 2', 1);
INSERT INTO public.device VALUES ('S21', 'Sample Device 3', 2);
INSERT INTO public.device VALUES ('A91', 'Device Req 1', 3);
INSERT INTO public.device VALUES ('B92', 'Device Req 2', 4);


--
-- Data for Name: monitor; Type: TABLE DATA; Schema: public; Owner: postgres
--

INSERT INTO public.monitor VALUES (48, 'S10', 'offline', '2019-10-06 15:34:52.628418', 31.6326864679954198);
INSERT INTO public.monitor VALUES (49, 'S10', 'offline', '2019-10-06 15:34:54.116186', 26.3032432870947659);
INSERT INTO public.monitor VALUES (50, 'S10', 'offline', '2019-10-06 15:34:55.355087', 22.350342770748842);
INSERT INTO public.monitor VALUES (51, 'S10', 'online', '2019-10-06 15:34:56.591664', 29.5425931734944811);
INSERT INTO public.monitor VALUES (52, 'S10', 'offline', '2019-10-06 15:34:57.860903', 45.8105032096816416);
INSERT INTO public.monitor VALUES (53, 'S10', 'online', '2019-10-06 15:34:59.100063', 26.5784151283150152);
INSERT INTO public.monitor VALUES (54, 'S10', 'online', '2019-10-06 15:35:00.391065', 39.2655258344575415);
INSERT INTO public.monitor VALUES (55, 'S10', 'offline', '2019-10-06 15:35:01.629231', 49.4665062828864066);
INSERT INTO public.monitor VALUES (56, 'S10', 'offline', '2019-10-06 15:35:02.982901', 20.5527246623459412);
INSERT INTO public.monitor VALUES (57, 'S10', 'offline', '2019-10-06 15:35:04.215933', 20.4587967130058992);
INSERT INTO public.monitor VALUES (58, 'S10', 'online', '2019-10-06 15:35:05.46507', 44.5092250216255181);
INSERT INTO public.monitor VALUES (59, 'S10', 'offline', '2019-10-06 15:35:06.701989', 27.0676532854636314);
INSERT INTO public.monitor VALUES (60, 'S10', 'offline', '2019-10-06 15:35:07.993675', 19.0588193598462041);
INSERT INTO public.monitor VALUES (61, 'S10', 'offline', '2019-10-06 15:35:09.255479', 24.9150650466249246);
INSERT INTO public.monitor VALUES (62, 'S10', 'offline', '2019-10-06 15:35:10.533236', 34.1345584847103822);
INSERT INTO public.monitor VALUES (63, 'S10', 'offline', '2019-10-06 15:35:11.813631', 44.1668992044066897);
INSERT INTO public.monitor VALUES (64, 'S10', 'online', '2019-10-06 15:35:13.076342', 24.630164714193711);
INSERT INTO public.monitor VALUES (65, 'S10', 'online', '2019-10-06 15:35:14.394979', 23.8609660194505935);
INSERT INTO public.monitor VALUES (66, 'S10', 'offline', '2019-10-06 15:35:15.75242', 47.0117273682895842);
INSERT INTO public.monitor VALUES (67, 'S10', 'offline', '2019-10-06 15:35:16.997978', 41.786125769626949);
INSERT INTO public.monitor VALUES (68, 'S10', 'online', '2019-10-06 15:35:18.30752', 29.5075624750414747);
INSERT INTO public.monitor VALUES (69, 'S10', 'offline', '2019-10-06 15:35:19.527956', 47.8206975834988057);
INSERT INTO public.monitor VALUES (70, 'S10', 'offline', '2019-10-06 15:35:20.779188', 26.9153371459350659);
INSERT INTO public.monitor VALUES (71, 'S10', 'online', '2019-10-06 15:35:22.105328', 38.5500280672886717);
INSERT INTO public.monitor VALUES (72, 'S10', 'offline', '2019-10-06 15:35:23.452229', 39.7109485250453531);
INSERT INTO public.monitor VALUES (73, 'S10', 'offline', '2019-10-06 15:35:24.77091', 31.9885629542148813);
INSERT INTO public.monitor VALUES (74, 'S10', 'offline', '2019-10-06 15:35:26.034647', 20.5760044079449358);
INSERT INTO public.monitor VALUES (75, 'S10', 'online', '2019-10-06 15:35:27.288645', 15.4632552594159822);
INSERT INTO public.monitor VALUES (76, 'S11', 'offline', '2019-10-06 15:35:42.918109', 21.6794475628885976);
INSERT INTO public.monitor VALUES (77, 'S11', 'offline', '2019-10-06 15:35:44.632502', 32.5012285954943039);
INSERT INTO public.monitor VALUES (78, 'S11', 'online', '2019-10-06 15:35:45.849611', 15.2784196195147608);
INSERT INTO public.monitor VALUES (79, 'S11', 'offline', '2019-10-06 15:35:47.1748', 50.27581908942296);
INSERT INTO public.monitor VALUES (80, 'S11', 'online', '2019-10-06 15:35:48.540921', 19.0659007171592201);
INSERT INTO public.monitor VALUES (81, 'S11', 'offline', '2019-10-06 15:35:49.840921', 17.9256562714210368);
INSERT INTO public.monitor VALUES (82, 'S11', 'online', '2019-10-06 15:35:51.191748', 40.6034319961148285);
INSERT INTO public.monitor VALUES (83, 'S11', 'online', '2019-10-06 15:35:52.532015', 46.7458720811474251);
INSERT INTO public.monitor VALUES (84, 'S11', 'online', '2019-10-06 15:35:53.771048', 46.4074512509540824);
INSERT INTO public.monitor VALUES (85, 'S11', 'offline', '2019-10-06 15:35:55.015978', 34.0817645782439342);
INSERT INTO public.monitor VALUES (86, 'S11', 'offline', '2019-10-06 15:35:56.23459', 38.7989345482944969);
INSERT INTO public.monitor VALUES (87, 'S11', 'online', '2019-10-06 15:35:57.466479', 29.4313017927182656);
INSERT INTO public.monitor VALUES (88, 'S11', 'online', '2019-10-06 15:35:58.695043', 32.4626605725373878);
INSERT INTO public.monitor VALUES (89, 'S11', 'offline', '2019-10-06 15:35:59.937011', 47.1227776840984092);
INSERT INTO public.monitor VALUES (90, 'S11', 'offline', '2019-10-06 15:36:01.233399', 31.4735718592670395);
INSERT INTO public.monitor VALUES (91, 'S11', 'online', '2019-10-06 15:36:02.474592', 23.1971357099269362);
INSERT INTO public.monitor VALUES (92, 'S11', 'online', '2019-10-06 15:36:03.695335', 48.1137289672347634);
INSERT INTO public.monitor VALUES (93, 'S11', 'online', '2019-10-06 15:36:04.973054', 17.565628244023852);
INSERT INTO public.monitor VALUES (94, 'S11', 'offline', '2019-10-06 15:36:06.222794', 43.4209411643701841);
INSERT INTO public.monitor VALUES (95, 'S11', 'offline', '2019-10-06 15:36:07.506238', 19.1187173392313632);
INSERT INTO public.monitor VALUES (96, 'S11', 'online', '2019-10-06 15:36:08.753867', 46.6432551625598393);
INSERT INTO public.monitor VALUES (97, 'S11', 'online', '2019-10-06 15:36:10.005504', 38.4787001332240806);
INSERT INTO public.monitor VALUES (98, 'S11', 'online', '2019-10-06 15:36:11.238237', 41.8041725782171554);
INSERT INTO public.monitor VALUES (99, 'S11', 'online', '2019-10-06 15:36:12.552004', 23.6438950782887005);
INSERT INTO public.monitor VALUES (100, 'S11', 'offline', '2019-10-06 15:36:13.789706', 38.2237106505120465);
INSERT INTO public.monitor VALUES (101, 'S11', 'offline', '2019-10-06 15:36:15.085917', 26.6792752424084902);
INSERT INTO public.monitor VALUES (102, 'S11', 'online', '2019-10-06 15:36:16.351763', 28.2069435641403032);
INSERT INTO public.monitor VALUES (103, 'S11', 'online', '2019-10-06 15:36:17.73541', 48.7015302791199929);
INSERT INTO public.monitor VALUES (104, 'S11', 'online', '2019-10-06 15:36:19.257759', 15.1698810998278528);
INSERT INTO public.monitor VALUES (105, 'S11', 'offline', '2019-10-06 15:36:20.734549', 30.1614538295661632);
INSERT INTO public.monitor VALUES (106, 'S11', 'offline', '2019-10-06 15:36:22.033113', 48.8997391532925079);
INSERT INTO public.monitor VALUES (107, 'S11', 'offline', '2019-10-06 15:36:23.556916', 22.0887185191325202);
INSERT INTO public.monitor VALUES (108, 'S11', 'online', '2019-10-06 15:36:24.81444', 48.69103841667404);
INSERT INTO public.monitor VALUES (109, 'S11', 'offline', '2019-10-06 15:36:26.032252', 28.7880744141431784);
INSERT INTO public.monitor VALUES (110, 'S11', 'offline', '2019-10-06 15:36:27.441063', 38.1451825496764414);
INSERT INTO public.monitor VALUES (111, 'S11', 'offline', '2019-10-06 15:36:28.695084', 50.353823895107837);
INSERT INTO public.monitor VALUES (112, 'S11', 'offline', '2019-10-06 15:36:29.911255', 23.7122613476843682);
INSERT INTO public.monitor VALUES (113, 'S11', 'online', '2019-10-06 15:36:31.204891', 43.9164988555970552);
INSERT INTO public.monitor VALUES (114, 'S11', 'online', '2019-10-06 15:36:32.459772', 29.980446846388638);
INSERT INTO public.monitor VALUES (115, 'S11', 'online', '2019-10-06 15:36:33.734467', 40.3015035826177765);
INSERT INTO public.monitor VALUES (116, 'S11', 'online', '2019-10-06 15:36:34.987594', 25.0129251270005213);
INSERT INTO public.monitor VALUES (117, 'S11', 'online', '2019-10-06 15:36:36.286081', 23.7067376075209211);
INSERT INTO public.monitor VALUES (118, 'S11', 'offline', '2019-10-06 15:36:37.585948', 40.550075142538617);
INSERT INTO public.monitor VALUES (119, 'S11', 'offline', '2019-10-06 15:36:38.846571', 29.5847403572484495);
INSERT INTO public.monitor VALUES (120, 'S11', 'offline', '2019-10-06 15:36:40.331271', 17.3200378847938765);
INSERT INTO public.monitor VALUES (121, 'S11', 'offline', '2019-10-06 15:36:41.583549', 15.921287383325966);
INSERT INTO public.monitor VALUES (122, 'S11', 'offline', '2019-10-06 15:36:42.894399', 23.9670651026327839);
INSERT INTO public.monitor VALUES (123, 'S11', 'online', '2019-10-06 15:36:44.465291', 49.4182309403254649);
INSERT INTO public.monitor VALUES (124, 'S11', 'online', '2019-10-06 15:36:45.834582', 49.1440725643944702);
INSERT INTO public.monitor VALUES (125, 'S11', 'offline', '2019-10-06 15:36:47.110019', 21.8558422716603076);
INSERT INTO public.monitor VALUES (126, 'S11', 'online', '2019-10-06 15:36:48.362452', 47.386629580745911);
INSERT INTO public.monitor VALUES (127, 'S11', 'online', '2019-10-06 15:36:49.758363', 43.8737618849673368);
INSERT INTO public.monitor VALUES (128, 'S11', 'online', '2019-10-06 15:36:51.016113', 28.1546613918525352);
INSERT INTO public.monitor VALUES (129, 'S11', 'offline', '2019-10-06 15:36:52.315827', 48.9172978374972658);
INSERT INTO public.monitor VALUES (130, 'S11', 'online', '2019-10-06 15:36:53.59426', 47.8255899419245978);
INSERT INTO public.monitor VALUES (131, 'S11', 'offline', '2019-10-06 15:36:54.936806', 21.2340204862712625);
INSERT INTO public.monitor VALUES (132, 'S11', 'online', '2019-10-06 15:36:56.213409', 24.7290553817189149);
INSERT INTO public.monitor VALUES (133, 'S11', 'online', '2019-10-06 15:36:57.501285', 37.5674249474396333);
INSERT INTO public.monitor VALUES (134, 'S11', 'online', '2019-10-06 15:36:58.766207', 34.7277622773986536);
INSERT INTO public.monitor VALUES (135, 'S11', 'online', '2019-10-06 15:37:00.047301', 26.2407559256172043);
INSERT INTO public.monitor VALUES (136, 'S11', 'online', '2019-10-06 15:37:01.331849', 23.8406401019599485);
INSERT INTO public.monitor VALUES (137, 'S11', 'offline', '2019-10-06 15:37:02.560302', 43.2533961539100673);
INSERT INTO public.monitor VALUES (138, 'S11', 'offline', '2019-10-06 15:37:03.788904', 28.201378256084066);
INSERT INTO public.monitor VALUES (139, 'S11', 'offline', '2019-10-06 15:37:05.098956', 22.887952235094879);
INSERT INTO public.monitor VALUES (140, 'S11', 'online', '2019-10-06 15:37:06.346206', 40.4268827608357526);
INSERT INTO public.monitor VALUES (141, 'S21', 'online', '2019-10-06 15:37:18.5531', 22.8842007176904794);
INSERT INTO public.monitor VALUES (142, 'S21', 'online', '2019-10-06 15:37:20.145214', 15.8286509643948747);
INSERT INTO public.monitor VALUES (143, 'S21', 'online', '2019-10-06 15:37:21.343381', 50.2060800566703804);
INSERT INTO public.monitor VALUES (144, 'S21', 'offline', '2019-10-06 15:37:22.562173', 44.6609634052677791);
INSERT INTO public.monitor VALUES (145, 'S21', 'offline', '2019-10-06 15:37:23.806078', 44.2281685381269796);
INSERT INTO public.monitor VALUES (146, 'S21', 'offline', '2019-10-06 15:37:25.02431', 37.011437599986742);
INSERT INTO public.monitor VALUES (147, 'S21', 'online', '2019-10-06 15:37:26.2736', 48.1809836053943741);
INSERT INTO public.monitor VALUES (148, 'S21', 'offline', '2019-10-06 15:37:27.569285', 22.4224021782666831);
INSERT INTO public.monitor VALUES (149, 'S21', 'online', '2019-10-06 15:37:28.782844', 48.5148953279254016);
INSERT INTO public.monitor VALUES (150, 'S21', 'offline', '2019-10-06 15:37:30.028692', 38.0467590581801574);
INSERT INTO public.monitor VALUES (151, 'S21', 'online', '2019-10-06 15:37:31.31293', 49.9804820224292925);
INSERT INTO public.monitor VALUES (152, 'S21', 'online', '2019-10-06 15:37:32.646462', 24.5535796983435617);
INSERT INTO public.monitor VALUES (153, 'S21', 'online', '2019-10-06 15:37:33.96762', 22.6336868271737508);
INSERT INTO public.monitor VALUES (154, 'S21', 'online', '2019-10-06 15:37:35.202198', 34.371493501796067);
INSERT INTO public.monitor VALUES (155, 'S21', 'offline', '2019-10-06 15:37:36.456179', 25.8962604241886005);
INSERT INTO public.monitor VALUES (156, 'S21', 'online', '2019-10-06 15:37:37.747467', 16.8148993554780191);
INSERT INTO public.monitor VALUES (157, 'S21', 'offline', '2019-10-06 15:37:38.993138', 38.5365419345814217);
INSERT INTO public.monitor VALUES (158, 'S21', 'offline', '2019-10-06 15:37:40.276053', 21.0289166264627134);
INSERT INTO public.monitor VALUES (159, 'S21', 'online', '2019-10-06 15:37:41.562574', 40.3977139459512387);
INSERT INTO public.monitor VALUES (160, 'S21', 'offline', '2019-10-06 15:37:42.994974', 32.1334997245324701);
INSERT INTO public.monitor VALUES (161, 'S21', 'online', '2019-10-06 15:37:44.226771', 24.781074925265262);
INSERT INTO public.monitor VALUES (162, 'S21', 'offline', '2019-10-06 15:37:45.446445', 18.6291575570329329);
INSERT INTO public.monitor VALUES (163, 'S21', 'offline', '2019-10-06 15:37:46.696208', 34.9993061132814205);
INSERT INTO public.monitor VALUES (164, 'S21', 'online', '2019-10-06 15:37:47.953532', 38.8026969278692775);
INSERT INTO public.monitor VALUES (165, 'S21', 'offline', '2019-10-06 15:37:49.259212', 22.9729657833807721);
INSERT INTO public.monitor VALUES (166, 'S21', 'offline', '2019-10-06 15:37:50.554766', 24.347157600013162);
INSERT INTO public.monitor VALUES (167, 'S21', 'offline', '2019-10-06 15:37:51.799157', 17.2595774339951653);
INSERT INTO public.monitor VALUES (168, 'S21', 'online', '2019-10-06 15:37:53.038937', 29.2904433708690064);
INSERT INTO public.monitor VALUES (169, 'S21', 'offline', '2019-10-06 15:37:54.281446', 38.1698290754296039);
INSERT INTO public.monitor VALUES (170, 'S21', 'offline', '2019-10-06 15:37:55.554494', 25.7498737899337655);
INSERT INTO public.monitor VALUES (171, 'S21', 'online', '2019-10-06 15:37:56.807456', 36.5417322263416722);
INSERT INTO public.monitor VALUES (172, 'S21', 'offline', '2019-10-06 15:37:58.03212', 41.2434329781560578);
INSERT INTO public.monitor VALUES (173, 'S21', 'online', '2019-10-06 15:37:59.305751', 31.4520022726632611);
INSERT INTO public.monitor VALUES (174, 'S21', 'offline', '2019-10-06 15:38:00.533412', 31.8367309102975469);
INSERT INTO public.monitor VALUES (175, 'S21', 'offline', '2019-10-06 15:38:01.759797', 37.8750501920478015);
INSERT INTO public.monitor VALUES (176, 'S21', 'offline', '2019-10-06 15:38:03.016677', 36.0502243584959103);
INSERT INTO public.monitor VALUES (177, 'S21', 'offline', '2019-10-06 15:38:04.218031', 32.5808080363014909);
INSERT INTO public.monitor VALUES (178, 'S21', 'online', '2019-10-06 15:38:06.54684', 41.9381963798239497);
INSERT INTO public.monitor VALUES (179, 'S21', 'offline', '2019-10-06 15:38:08.078756', 46.9113994891816333);
INSERT INTO public.monitor VALUES (180, 'S21', 'online', '2019-10-06 15:38:09.30447', 24.2476055227001552);
INSERT INTO public.monitor VALUES (181, 'S21', 'offline', '2019-10-06 15:38:10.526531', 15.7937085067416163);
INSERT INTO public.monitor VALUES (182, 'S21', 'online', '2019-10-06 15:38:11.763366', 21.2915963246956252);
INSERT INTO public.monitor VALUES (183, 'S21', 'offline', '2019-10-06 15:38:12.979943', 19.6287735268489953);
INSERT INTO public.monitor VALUES (184, 'S21', 'offline', '2019-10-06 15:38:14.192699', 34.2335988370303568);
INSERT INTO public.monitor VALUES (185, 'S21', 'online', '2019-10-06 15:38:15.445647', 28.4189837203433271);
INSERT INTO public.monitor VALUES (186, 'S21', 'offline', '2019-10-06 15:38:16.752881', 37.2097595953868989);
INSERT INTO public.monitor VALUES (187, 'S21', 'offline', '2019-10-06 15:38:17.980441', 47.0443064737628944);
INSERT INTO public.monitor VALUES (188, 'S21', 'offline', '2019-10-06 15:38:19.253165', 45.9981201118216134);
INSERT INTO public.monitor VALUES (189, 'S21', 'offline', '2019-10-06 15:38:20.524347', 44.7446963227066021);
INSERT INTO public.monitor VALUES (190, 'S21', 'online', '2019-10-06 15:38:21.820296', 17.3042219657910401);
INSERT INTO public.monitor VALUES (191, 'S21', 'online', '2019-10-06 15:38:23.122002', 15.6652407382541927);
INSERT INTO public.monitor VALUES (192, 'S21', 'offline', '2019-10-06 15:38:24.333448', 21.6479436229054834);
INSERT INTO public.monitor VALUES (193, 'S21', 'online', '2019-10-06 15:38:25.606632', 48.9287682131968182);
INSERT INTO public.monitor VALUES (194, 'S21', 'online', '2019-10-06 15:38:26.864278', 31.5285323841049596);
INSERT INTO public.monitor VALUES (195, 'S21', 'online', '2019-10-06 15:38:28.165886', 43.032698612443312);
INSERT INTO public.monitor VALUES (196, 'S21', 'online', '2019-10-06 15:38:29.363683', 20.7042522327809806);
INSERT INTO public.monitor VALUES (197, 'S21', 'offline', '2019-10-06 15:38:30.583675', 43.4661119085115502);
INSERT INTO public.monitor VALUES (198, 'S21', 'offline', '2019-10-06 15:38:31.866917', 18.3885416459303315);
INSERT INTO public.monitor VALUES (199, 'S21', 'offline', '2019-10-06 15:38:33.092632', 27.9161438420655514);
INSERT INTO public.monitor VALUES (200, 'S21', 'offline', '2019-10-06 15:38:34.379702', 34.7648535074699652);
INSERT INTO public.monitor VALUES (201, 'S21', 'offline', '2019-10-06 15:38:35.793474', 32.4565321843629775);
INSERT INTO public.monitor VALUES (202, 'S21', 'online', '2019-10-06 15:38:37.136054', 37.8238879056558446);
INSERT INTO public.monitor VALUES (203, 'S21', 'online', '2019-10-06 15:38:38.505905', 36.1619016067473993);
INSERT INTO public.monitor VALUES (204, 'S21', 'offline', '2019-10-06 15:38:39.816572', 49.4925472510837707);
INSERT INTO public.monitor VALUES (205, 'S21', 'offline', '2019-10-06 15:38:41.195939', 16.1771308409664165);
INSERT INTO public.monitor VALUES (206, 'S21', 'offline', '2019-10-06 15:38:42.450089', 30.9386146269847231);
INSERT INTO public.monitor VALUES (207, 'S21', 'offline', '2019-10-06 15:38:43.646386', 32.5265313235795759);
INSERT INTO public.monitor VALUES (208, 'S21', 'online', '2019-10-06 15:38:45.051671', 16.0030012406352995);
INSERT INTO public.monitor VALUES (209, 'S21', 'offline', '2019-10-06 15:38:46.295178', 35.1211019739727419);
INSERT INTO public.monitor VALUES (210, 'S21', 'offline', '2019-10-06 15:38:47.53365', 19.0683003896025411);
INSERT INTO public.monitor VALUES (211, 'S21', 'online', '2019-10-06 15:38:48.794958', 45.2591588316552702);
INSERT INTO public.monitor VALUES (212, 'S21', 'offline', '2019-10-06 15:38:50.201275', 19.6449060693499078);
INSERT INTO public.monitor VALUES (213, 'S21', 'online', '2019-10-06 15:38:51.395766', 23.579362559335415);
INSERT INTO public.monitor VALUES (214, 'S21', 'online', '2019-10-06 15:38:52.720183', 43.1720737992400672);
INSERT INTO public.monitor VALUES (215, 'S21', 'online', '2019-10-06 15:38:54.035626', 30.4455518386518662);
INSERT INTO public.monitor VALUES (216, 'S21', 'offline', '2019-10-06 15:38:55.300129', 45.6318636332164473);
INSERT INTO public.monitor VALUES (217, 'S21', 'offline', '2019-10-06 15:38:56.617118', 17.1086922812708657);
INSERT INTO public.monitor VALUES (218, 'S21', 'online', '2019-10-06 15:38:57.84972', 22.6142583639188892);
INSERT INTO public.monitor VALUES (219, 'S21', 'offline', '2019-10-06 15:38:59.062962', 19.2666753288884856);
INSERT INTO public.monitor VALUES (220, 'S21', 'online', '2019-10-06 15:39:00.306359', 48.7525549626991861);
INSERT INTO public.monitor VALUES (221, 'S21', 'offline', '2019-10-06 15:39:01.568868', 24.6143246301477632);
INSERT INTO public.monitor VALUES (222, 'S21', 'offline', '2019-10-06 15:39:02.898027', 47.590609956779943);
INSERT INTO public.monitor VALUES (223, 'S21', 'offline', '2019-10-06 15:39:04.16631', 47.4729677078636598);
INSERT INTO public.monitor VALUES (224, 'S21', 'offline', '2019-10-06 15:39:05.389521', 49.2521512561434278);
INSERT INTO public.monitor VALUES (225, 'S21', 'offline', '2019-10-06 15:39:06.661947', 49.2993165836538907);
INSERT INTO public.monitor VALUES (226, 'S21', 'offline', '2019-10-06 15:39:07.999748', 16.5245436117773075);
INSERT INTO public.monitor VALUES (227, 'S21', 'offline', '2019-10-06 15:39:09.264909', 41.7486235690203955);
INSERT INTO public.monitor VALUES (228, 'S21', 'online', '2019-10-06 15:39:10.540272', 17.2146463843085691);
INSERT INTO public.monitor VALUES (229, 'S21', 'online', '2019-10-06 15:39:11.816809', 35.9301482417567186);
INSERT INTO public.monitor VALUES (230, 'S21', 'offline', '2019-10-06 15:39:13.100391', 21.7908302738889077);
INSERT INTO public.monitor VALUES (231, 'S21', 'online', '2019-10-06 15:39:14.47482', 48.2716013124672827);
INSERT INTO public.monitor VALUES (232, 'S21', 'offline', '2019-10-06 15:39:15.684463', 18.9981753056921505);
INSERT INTO public.monitor VALUES (233, 'S21', 'offline', '2019-10-06 15:39:16.924652', 47.375842505712626);
INSERT INTO public.monitor VALUES (234, 'S21', 'offline', '2019-10-06 15:39:18.436883', 30.1978422918874188);
INSERT INTO public.monitor VALUES (235, 'A91', 'online', '2019-10-06 15:39:41.661845', 24.1301143336527772);
INSERT INTO public.monitor VALUES (236, 'A91', 'online', '2019-10-06 15:39:43.417171', 35.5066017531208047);
INSERT INTO public.monitor VALUES (237, 'A91', 'offline', '2019-10-06 15:39:44.681786', 24.5104602515343544);
INSERT INTO public.monitor VALUES (238, 'A91', 'offline', '2019-10-06 15:39:45.924278', 26.6813676028692619);
INSERT INTO public.monitor VALUES (239, 'A91', 'offline', '2019-10-06 15:39:47.222994', 26.6694421699583408);
INSERT INTO public.monitor VALUES (240, 'A91', 'offline', '2019-10-06 15:39:48.572027', 35.2284859875361605);
INSERT INTO public.monitor VALUES (241, 'A91', 'offline', '2019-10-06 15:39:49.841852', 30.2906081720407769);
INSERT INTO public.monitor VALUES (242, 'A91', 'offline', '2019-10-06 15:39:51.159142', 16.9043853548825354);
INSERT INTO public.monitor VALUES (243, 'A91', 'offline', '2019-10-06 15:39:52.426225', 21.4458799947431515);
INSERT INTO public.monitor VALUES (244, 'A91', 'online', '2019-10-06 15:39:53.675618', 16.8781145180062211);
INSERT INTO public.monitor VALUES (245, 'A91', 'offline', '2019-10-06 15:39:54.905287', 41.4433507145980258);
INSERT INTO public.monitor VALUES (246, 'A91', 'offline', '2019-10-06 15:39:56.143858', 33.9068279669937525);
INSERT INTO public.monitor VALUES (247, 'A91', 'offline', '2019-10-06 15:39:57.421363', 41.5056773086013848);
INSERT INTO public.monitor VALUES (248, 'A91', 'offline', '2019-10-06 15:39:58.626405', 29.6581627572511941);
INSERT INTO public.monitor VALUES (249, 'A91', 'online', '2019-10-06 15:39:59.900735', 28.3861966517400717);
INSERT INTO public.monitor VALUES (250, 'A91', 'offline', '2019-10-06 15:40:01.170445', 46.3282693804916548);
INSERT INTO public.monitor VALUES (251, 'A91', 'offline', '2019-10-06 15:40:02.407107', 26.0224063945240012);
INSERT INTO public.monitor VALUES (252, 'A91', 'online', '2019-10-06 15:40:03.723672', 23.9549849770899641);
INSERT INTO public.monitor VALUES (253, 'A91', 'offline', '2019-10-06 15:40:04.97629', 15.9590012006655648);
INSERT INTO public.monitor VALUES (254, 'A91', 'online', '2019-10-06 15:40:06.246038', 22.5375774341200668);
INSERT INTO public.monitor VALUES (255, 'A91', 'offline', '2019-10-06 15:40:07.534492', 28.1624786668536515);
INSERT INTO public.monitor VALUES (256, 'A91', 'offline', '2019-10-06 15:40:08.792559', 40.4901289246782738);
INSERT INTO public.monitor VALUES (257, 'A91', 'offline', '2019-10-06 15:40:10.068894', 22.219763607554345);
INSERT INTO public.monitor VALUES (258, 'A91', 'offline', '2019-10-06 15:40:11.324463', 30.1333567287074828);
INSERT INTO public.monitor VALUES (259, 'A91', 'offline', '2019-10-06 15:40:12.616612', 42.6612291018466578);
INSERT INTO public.monitor VALUES (260, 'A91', 'offline', '2019-10-06 15:40:13.888085', 33.4244974843306792);
INSERT INTO public.monitor VALUES (261, 'A91', 'offline', '2019-10-06 15:40:15.191176', 36.4491589952703094);
INSERT INTO public.monitor VALUES (262, 'A91', 'online', '2019-10-06 15:40:16.439151', 16.9326988162455869);
INSERT INTO public.monitor VALUES (263, 'A91', 'offline', '2019-10-06 15:40:17.718143', 33.7309400325686255);
INSERT INTO public.monitor VALUES (264, 'A91', 'online', '2019-10-06 15:40:19.035129', 35.9535652877126211);
INSERT INTO public.monitor VALUES (265, 'A91', 'offline', '2019-10-06 15:40:20.284812', 25.2061509467777753);
INSERT INTO public.monitor VALUES (266, 'A91', 'offline', '2019-10-06 15:40:21.600834', 26.5838999588774776);
INSERT INTO public.monitor VALUES (267, 'A91', 'offline', '2019-10-06 15:40:22.826479', 28.8434501475456173);
INSERT INTO public.monitor VALUES (268, 'A91', 'online', '2019-10-06 15:40:24.191495', 24.1690762191935846);
INSERT INTO public.monitor VALUES (269, 'A91', 'online', '2019-10-06 15:40:25.402459', 29.963441351891646);
INSERT INTO public.monitor VALUES (270, 'A91', 'online', '2019-10-06 15:40:26.765124', 16.9897053640612121);
INSERT INTO public.monitor VALUES (271, 'A91', 'online', '2019-10-06 15:40:28.055207', 23.1506137464474584);
INSERT INTO public.monitor VALUES (272, 'A91', 'offline', '2019-10-06 15:40:29.301627', 26.1390008838356636);
INSERT INTO public.monitor VALUES (273, 'A91', 'online', '2019-10-06 15:40:30.522241', 46.230494003781061);
INSERT INTO public.monitor VALUES (274, 'A91', 'online', '2019-10-06 15:40:31.786826', 27.5324063753720623);
INSERT INTO public.monitor VALUES (275, 'A91', 'offline', '2019-10-06 15:40:33.07145', 37.6875170329707174);
INSERT INTO public.monitor VALUES (276, 'A91', 'offline', '2019-10-06 15:40:34.36469', 29.7823682266786918);
INSERT INTO public.monitor VALUES (277, 'A91', 'offline', '2019-10-06 15:40:35.640912', 45.5045475027094568);
INSERT INTO public.monitor VALUES (278, 'A91', 'offline', '2019-10-06 15:40:36.90561', 43.8058416413274401);
INSERT INTO public.monitor VALUES (279, 'A91', 'online', '2019-10-06 15:40:38.266189', 38.0510040106472616);
INSERT INTO public.monitor VALUES (280, 'A91', 'online', '2019-10-06 15:40:39.480202', 23.3101188519191496);
INSERT INTO public.monitor VALUES (281, 'A91', 'offline', '2019-10-06 15:40:40.770819', 41.7590773084512961);
INSERT INTO public.monitor VALUES (282, 'A91', 'online', '2019-10-06 15:40:42.039889', 43.6349899171275482);
INSERT INTO public.monitor VALUES (283, 'A91', 'offline', '2019-10-06 15:40:43.387591', 33.4070734841550632);
INSERT INTO public.monitor VALUES (284, 'A91', 'online', '2019-10-06 15:40:44.638875', 50.3855060089017286);
INSERT INTO public.monitor VALUES (285, 'A91', 'online', '2019-10-06 15:40:45.865605', 18.8171458884905363);
INSERT INTO public.monitor VALUES (286, 'A91', 'offline', '2019-10-06 15:40:47.317337', 44.0705468151320332);
INSERT INTO public.monitor VALUES (287, 'A91', 'online', '2019-10-06 15:40:48.716095', 38.3964869209573578);
INSERT INTO public.monitor VALUES (288, 'A91', 'online', '2019-10-06 15:40:49.945376', 38.2898060924888242);
INSERT INTO public.monitor VALUES (289, 'A91', 'online', '2019-10-06 15:40:51.378106', 48.1721637714531354);
INSERT INTO public.monitor VALUES (290, 'A91', 'online', '2019-10-06 15:40:52.644931', 15.3087069090759478);
INSERT INTO public.monitor VALUES (291, 'A91', 'offline', '2019-10-06 15:40:53.885819', 41.7094507758957889);
INSERT INTO public.monitor VALUES (292, 'A91', 'online', '2019-10-06 15:40:55.112972', 23.2921917374386069);
INSERT INTO public.monitor VALUES (293, 'A91', 'online', '2019-10-06 15:40:56.348957', 45.3971173159260388);
INSERT INTO public.monitor VALUES (294, 'A91', 'offline', '2019-10-06 15:40:57.546616', 27.5843876866379496);
INSERT INTO public.monitor VALUES (295, 'A91', 'online', '2019-10-06 15:40:58.815276', 24.3950067324085538);
INSERT INTO public.monitor VALUES (296, 'A91', 'offline', '2019-10-06 15:41:00.075168', 25.9827798040118338);
INSERT INTO public.monitor VALUES (297, 'A91', 'online', '2019-10-06 15:41:01.298235', 30.3846285360339579);
INSERT INTO public.monitor VALUES (298, 'A91', 'online', '2019-10-06 15:41:02.528382', 26.6665523186465236);
INSERT INTO public.monitor VALUES (299, 'A91', 'online', '2019-10-06 15:41:03.778974', 44.5568248322499727);
INSERT INTO public.monitor VALUES (300, 'A91', 'online', '2019-10-06 15:41:05.065547', 17.9515418902283663);
INSERT INTO public.monitor VALUES (301, 'A91', 'online', '2019-10-06 15:41:06.3059', 37.5212867988436756);
INSERT INTO public.monitor VALUES (302, 'A91', 'online', '2019-10-06 15:41:07.585815', 34.2376205025109002);
INSERT INTO public.monitor VALUES (303, 'B92', 'online', '2019-10-06 15:44:43.996466', 40.6707466506745376);
INSERT INTO public.monitor VALUES (304, 'B92', 'online', '2019-10-06 15:44:45.566504', 27.466604173712664);
INSERT INTO public.monitor VALUES (305, 'B92', 'offline', '2019-10-06 15:44:46.906551', 37.2266825368285907);
INSERT INTO public.monitor VALUES (306, 'B92', 'online', '2019-10-06 15:44:48.155595', 46.1948794009870056);
INSERT INTO public.monitor VALUES (307, 'B92', 'offline', '2019-10-06 15:44:49.399883', 38.4131763551070833);
INSERT INTO public.monitor VALUES (308, 'B92', 'online', '2019-10-06 15:44:50.659942', 19.8068260184448341);
INSERT INTO public.monitor VALUES (309, 'B92', 'online', '2019-10-06 15:44:51.92812', 47.807373602805356);
INSERT INTO public.monitor VALUES (310, 'B92', 'online', '2019-10-06 15:44:53.21834', 22.0017602454175822);
INSERT INTO public.monitor VALUES (311, 'B92', 'online', '2019-10-06 15:44:54.479663', 23.6687467386887782);
INSERT INTO public.monitor VALUES (312, 'B92', 'offline', '2019-10-06 15:44:55.719797', 18.7311242721744939);
INSERT INTO public.monitor VALUES (313, 'B92', 'offline', '2019-10-06 15:44:56.998155', 41.977653670058686);
INSERT INTO public.monitor VALUES (314, 'B92', 'online', '2019-10-06 15:44:58.225013', 49.9465513352030754);
INSERT INTO public.monitor VALUES (315, 'B92', 'online', '2019-10-06 15:44:59.441539', 28.4806919556907943);
INSERT INTO public.monitor VALUES (316, 'B92', 'offline', '2019-10-06 15:45:00.667039', 26.0119765955145539);
INSERT INTO public.monitor VALUES (317, 'B92', 'offline', '2019-10-06 15:45:01.896272', 36.8821106114284873);
INSERT INTO public.monitor VALUES (318, 'B92', 'offline', '2019-10-06 15:45:03.259132', 42.9862198223646885);
INSERT INTO public.monitor VALUES (319, 'B92', 'online', '2019-10-06 15:45:04.49554', 50.3961690120371557);
INSERT INTO public.monitor VALUES (320, 'B92', 'offline', '2019-10-06 15:45:05.704612', 31.2853324758316624);
INSERT INTO public.monitor VALUES (321, 'B92', 'online', '2019-10-06 15:45:07.008189', 25.1951467745943418);
INSERT INTO public.monitor VALUES (322, 'B92', 'offline', '2019-10-06 15:45:08.310258', 35.6076510994936939);
INSERT INTO public.monitor VALUES (323, 'B92', 'online', '2019-10-06 15:45:09.670596', 16.3737833295906619);
INSERT INTO public.monitor VALUES (324, 'B92', 'offline', '2019-10-06 15:45:10.924898', 15.4851512781098908);
INSERT INTO public.monitor VALUES (325, 'B92', 'online', '2019-10-06 15:45:12.142115', 44.4334088744227529);
INSERT INTO public.monitor VALUES (326, 'B92', 'offline', '2019-10-06 15:45:13.453528', 25.6216826389858809);
INSERT INTO public.monitor VALUES (327, 'B92', 'online', '2019-10-06 15:45:14.671642', 26.8986661847374044);
INSERT INTO public.monitor VALUES (328, 'B92', 'online', '2019-10-06 15:45:16.02797', 33.4559491151453514);
INSERT INTO public.monitor VALUES (329, 'B92', 'online', '2019-10-06 15:45:17.265558', 17.9873330128663085);
INSERT INTO public.monitor VALUES (330, 'B92', 'online', '2019-10-06 15:45:18.51559', 16.3048907707864288);
INSERT INTO public.monitor VALUES (331, 'B92', 'online', '2019-10-06 15:45:19.907866', 48.4979049127437847);
INSERT INTO public.monitor VALUES (332, 'B92', 'online', '2019-10-06 15:45:21.122377', 34.9651747677141174);
INSERT INTO public.monitor VALUES (333, 'B92', 'online', '2019-10-06 15:45:22.41884', 24.9465719280781215);
INSERT INTO public.monitor VALUES (334, 'B92', 'offline', '2019-10-06 15:45:23.6483', 41.9142328372257538);
INSERT INTO public.monitor VALUES (335, 'B92', 'offline', '2019-10-06 15:45:24.963573', 18.3007838321060277);
INSERT INTO public.monitor VALUES (336, 'B92', 'offline', '2019-10-06 15:45:26.251206', 41.6039469959888706);
INSERT INTO public.monitor VALUES (337, 'B92', 'online', '2019-10-06 15:45:27.463153', 27.4867428108286234);
INSERT INTO public.monitor VALUES (338, 'B92', 'online', '2019-10-06 15:45:28.723106', 27.2555161910184225);
INSERT INTO public.monitor VALUES (339, 'B92', 'offline', '2019-10-06 15:45:30.043206', 48.4598280846052347);
INSERT INTO public.monitor VALUES (340, 'B92', 'offline', '2019-10-06 15:45:31.343391', 43.069441889214005);
INSERT INTO public.monitor VALUES (341, 'B92', 'online', '2019-10-06 15:45:32.601714', 27.4319554062273454);
INSERT INTO public.monitor VALUES (342, 'B92', 'offline', '2019-10-06 15:45:33.933083', 29.5914557254243036);
INSERT INTO public.monitor VALUES (343, 'B92', 'offline', '2019-10-06 15:45:35.162995', 46.7230201491432808);
INSERT INTO public.monitor VALUES (344, 'B92', 'offline', '2019-10-06 15:45:36.454081', 25.5527837302620497);
INSERT INTO public.monitor VALUES (345, 'B92', 'online', '2019-10-06 15:45:37.736172', 31.1050441150227215);
INSERT INTO public.monitor VALUES (346, 'B92', 'offline', '2019-10-06 15:45:39.082607', 33.5163650263633741);
INSERT INTO public.monitor VALUES (347, 'B92', 'online', '2019-10-06 15:45:40.300622', 27.7494482162901193);
INSERT INTO public.monitor VALUES (348, 'B92', 'offline', '2019-10-06 15:45:41.542569', 17.7383625846046264);
INSERT INTO public.monitor VALUES (349, 'B92', 'online', '2019-10-06 15:45:42.943574', 22.9771977341505398);
INSERT INTO public.monitor VALUES (350, 'B92', 'online', '2019-10-06 15:45:44.187309', 36.7697348597678229);
INSERT INTO public.monitor VALUES (351, 'B92', 'online', '2019-10-06 15:45:45.598186', 20.1163932591126304);
INSERT INTO public.monitor VALUES (352, 'B92', 'online', '2019-10-06 15:45:46.841534', 41.0265432118351896);
INSERT INTO public.monitor VALUES (353, 'B92', 'offline', '2019-10-06 15:45:48.178843', 36.5722996328323831);
INSERT INTO public.monitor VALUES (354, 'B92', 'offline', '2019-10-06 15:45:49.422369', 36.7750401432475158);
INSERT INTO public.monitor VALUES (355, 'B92', 'offline', '2019-10-06 15:45:50.739242', 42.1841776999050069);
INSERT INTO public.monitor VALUES (356, 'B92', 'online', '2019-10-06 15:45:52.059564', 42.8431231405231756);
INSERT INTO public.monitor VALUES (357, 'B92', 'online', '2019-10-06 15:45:53.525494', 15.5726247718601538);
INSERT INTO public.monitor VALUES (358, 'B92', 'offline', '2019-10-06 15:45:54.748981', 29.7656990991793933);
INSERT INTO public.monitor VALUES (359, 'B92', 'online', '2019-10-06 15:45:56.193737', 43.2551647842466025);
INSERT INTO public.monitor VALUES (360, 'B92', 'offline', '2019-10-06 15:45:57.461744', 48.9028198942238248);
INSERT INTO public.monitor VALUES (361, 'B92', 'offline', '2019-10-06 15:45:58.693747', 35.8273414574549847);
INSERT INTO public.monitor VALUES (362, 'B92', 'online', '2019-10-06 15:45:59.935825', 23.4209920778457992);
INSERT INTO public.monitor VALUES (363, 'B92', 'online', '2019-10-06 15:46:01.201514', 41.0889045348939845);
INSERT INTO public.monitor VALUES (364, 'B92', 'offline', '2019-10-06 15:46:02.476058', 17.0990288771986911);
INSERT INTO public.monitor VALUES (365, 'B92', 'online', '2019-10-06 15:46:03.681305', 15.1010354189235869);
INSERT INTO public.monitor VALUES (366, 'B92', 'online', '2019-10-06 15:46:04.960023', 29.1598574160958748);
INSERT INTO public.monitor VALUES (367, 'B92', 'offline', '2019-10-06 15:46:06.428259', 17.6213252974174068);
INSERT INTO public.monitor VALUES (368, 'B92', 'online', '2019-10-06 15:46:07.70949', 21.7004487618162649);
INSERT INTO public.monitor VALUES (369, 'B92', 'online', '2019-10-06 15:46:08.975443', 31.1532643874894717);
INSERT INTO public.monitor VALUES (370, 'B92', 'online', '2019-10-06 15:46:10.38879', 27.5049794205722655);
INSERT INTO public.monitor VALUES (371, 'B92', 'offline', '2019-10-06 15:46:11.642422', 42.2297604910579167);
INSERT INTO public.monitor VALUES (372, 'B92', 'offline', '2019-10-06 15:46:12.903436', 36.8745146080385808);
INSERT INTO public.monitor VALUES (373, 'B92', 'offline', '2019-10-06 15:46:14.33032', 43.1940457036391194);
INSERT INTO public.monitor VALUES (374, 'B92', 'offline', '2019-10-06 15:46:15.534846', 26.2859166561419713);
INSERT INTO public.monitor VALUES (375, 'B92', 'online', '2019-10-06 15:46:16.761587', 17.4095424302271091);
INSERT INTO public.monitor VALUES (376, 'B92', 'offline', '2019-10-06 15:46:18.020508', 24.8327177742950127);
INSERT INTO public.monitor VALUES (377, 'B92', 'offline', '2019-10-06 15:46:19.320528', 37.5395546505244937);
INSERT INTO public.monitor VALUES (378, 'B92', 'offline', '2019-10-06 15:46:20.601465', 32.3786201645245058);
INSERT INTO public.monitor VALUES (379, 'B92', 'offline', '2019-10-06 15:46:21.958181', 29.5946158566802353);
INSERT INTO public.monitor VALUES (380, 'B92', 'offline', '2019-10-06 15:46:23.272689', 21.281627448616625);
INSERT INTO public.monitor VALUES (381, 'B92', 'online', '2019-10-06 15:46:24.520343', 19.811153166585612);
INSERT INTO public.monitor VALUES (382, 'B92', 'offline', '2019-10-06 15:46:25.751435', 33.7829000426104997);
INSERT INTO public.monitor VALUES (383, 'B92', 'online', '2019-10-06 15:46:26.982281', 15.5661140054701637);
INSERT INTO public.monitor VALUES (384, 'B92', 'offline', '2019-10-06 15:46:28.223349', 35.3312210855225004);
INSERT INTO public.monitor VALUES (385, 'B92', 'online', '2019-10-06 15:46:29.501684', 25.8865828179560609);
INSERT INTO public.monitor VALUES (386, 'B92', 'offline', '2019-10-06 15:46:30.742312', 21.3122315923271728);
INSERT INTO public.monitor VALUES (387, 'B92', 'online', '2019-10-06 15:46:32.022968', 44.8196006134890368);
INSERT INTO public.monitor VALUES (388, 'B92', 'offline', '2019-10-06 15:46:33.325145', 41.86854901082868);
INSERT INTO public.monitor VALUES (389, 'B92', 'offline', '2019-10-06 15:46:34.613745', 50.11744399272132);
INSERT INTO public.monitor VALUES (390, 'B92', 'offline', '2019-10-06 15:46:35.98732', 30.3448403818980097);
INSERT INTO public.monitor VALUES (391, 'B92', 'online', '2019-10-06 15:46:37.321881', 28.3714046409041636);
INSERT INTO public.monitor VALUES (392, 'B92', 'offline', '2019-10-06 15:46:38.56626', 24.5138208176379848);
INSERT INTO public.monitor VALUES (393, 'B92', 'online', '2019-10-06 15:46:39.90495', 43.0088182317174414);
INSERT INTO public.monitor VALUES (394, 'B92', 'online', '2019-10-06 15:46:41.1332', 29.9496061687129256);
INSERT INTO public.monitor VALUES (395, 'B92', 'online', '2019-10-06 15:46:42.34242', 39.8635438748980278);
INSERT INTO public.monitor VALUES (396, 'B92', 'offline', '2019-10-06 15:46:43.64525', 29.820490872287909);
INSERT INTO public.monitor VALUES (397, 'B92', 'online', '2019-10-06 15:46:44.925762', 15.5656920535473464);
INSERT INTO public.monitor VALUES (398, 'B92', 'offline', '2019-10-06 15:46:46.192133', 15.8251574985147094);
INSERT INTO public.monitor VALUES (399, 'B92', 'offline', '2019-10-06 15:46:47.596451', 41.3789407624911689);
INSERT INTO public.monitor VALUES (400, 'B92', 'offline', '2019-10-06 15:46:48.844667', 44.5333411054530757);
INSERT INTO public.monitor VALUES (401, 'B92', 'offline', '2019-10-06 15:46:50.062822', 19.3646666911206538);
INSERT INTO public.monitor VALUES (402, 'B92', 'offline', '2019-10-06 15:46:51.385541', 19.6406257489457943);
INSERT INTO public.monitor VALUES (403, 'B92', 'online', '2019-10-06 15:46:52.619976', 22.0740553148656247);
INSERT INTO public.monitor VALUES (404, 'B92', 'offline', '2019-10-06 15:46:53.883389', 48.5171504021559343);
INSERT INTO public.monitor VALUES (405, 'B92', 'online', '2019-10-06 15:46:55.223488', 24.8229014091114024);
INSERT INTO public.monitor VALUES (406, 'B92', 'offline', '2019-10-06 15:46:56.444933', 43.0064704434328746);
INSERT INTO public.monitor VALUES (407, 'B92', 'offline', '2019-10-06 15:46:57.784061', 26.4549312397939715);
INSERT INTO public.monitor VALUES (408, 'B92', 'online', '2019-10-06 15:46:59.046691', 41.1630939521135986);
INSERT INTO public.monitor VALUES (409, 'B92', 'online', '2019-10-06 15:47:00.293168', 42.6353358320284528);
INSERT INTO public.monitor VALUES (410, 'B92', 'online', '2019-10-06 15:47:01.562849', 28.8211853611640869);
INSERT INTO public.monitor VALUES (411, 'B92', 'offline', '2019-10-06 15:47:02.844626', 32.9048362193350385);
INSERT INTO public.monitor VALUES (412, 'B92', 'offline', '2019-10-06 15:47:04.142951', 33.113626699213917);
INSERT INTO public.monitor VALUES (413, 'B92', 'online', '2019-10-06 15:47:05.422865', 38.3504960395233567);
INSERT INTO public.monitor VALUES (414, 'B92', 'online', '2019-10-06 15:47:06.697611', 25.4088272178418322);
INSERT INTO public.monitor VALUES (415, 'B92', 'online', '2019-10-06 15:47:07.966504', 42.931488095678958);
INSERT INTO public.monitor VALUES (416, 'B92', 'offline', '2019-10-06 15:47:09.276189', 44.1316452255724769);
INSERT INTO public.monitor VALUES (417, 'B92', 'offline', '2019-10-06 15:47:10.603428', 32.7868935536580892);
INSERT INTO public.monitor VALUES (418, 'B92', 'offline', '2019-10-06 15:47:11.80531', 49.0424574762109771);
INSERT INTO public.monitor VALUES (419, 'B92', 'online', '2019-10-06 15:47:13.165537', 47.7506601540495907);
INSERT INTO public.monitor VALUES (420, 'B92', 'offline', '2019-10-06 15:47:14.384148', 50.0122877383400848);
INSERT INTO public.monitor VALUES (421, 'B92', 'online', '2019-10-06 15:47:15.76469', 29.4092887316527545);
INSERT INTO public.monitor VALUES (422, 'B92', 'offline', '2019-10-06 15:47:17.054248', 33.3537129812454225);
INSERT INTO public.monitor VALUES (423, 'B92', 'offline', '2019-10-06 15:47:18.268719', 46.2396862857201754);
INSERT INTO public.monitor VALUES (424, 'B92', 'offline', '2019-10-06 15:47:19.508374', 16.6284178557647593);
INSERT INTO public.monitor VALUES (425, 'B92', 'online', '2019-10-06 15:47:20.770631', 17.4356350543940835);
INSERT INTO public.monitor VALUES (426, 'B92', 'online', '2019-10-06 15:47:22.063311', 34.9554704056176888);
INSERT INTO public.monitor VALUES (427, 'B92', 'online', '2019-10-06 15:47:23.33162', 45.2349033389281061);
INSERT INTO public.monitor VALUES (428, 'B92', 'online', '2019-10-06 15:47:24.607642', 37.159732503244129);
INSERT INTO public.monitor VALUES (429, 'B92', 'online', '2019-10-06 15:47:25.865799', 38.5452904005705506);
INSERT INTO public.monitor VALUES (430, 'B92', 'online', '2019-10-06 15:47:27.184792', 19.591853863728133);
INSERT INTO public.monitor VALUES (431, 'B92', 'offline', '2019-10-06 15:47:28.57928', 16.7883945569058426);
INSERT INTO public.monitor VALUES (432, 'B92', 'online', '2019-10-06 15:47:29.878094', 22.1711373472914204);
INSERT INTO public.monitor VALUES (433, 'B92', 'offline', '2019-10-06 15:47:31.115006', 30.1978403106720137);
INSERT INTO public.monitor VALUES (434, 'B92', 'offline', '2019-10-06 15:47:32.365266', 26.6962146048167916);
INSERT INTO public.monitor VALUES (435, 'B92', 'online', '2019-10-06 15:47:33.643826', 43.7807223443377609);
INSERT INTO public.monitor VALUES (436, 'B92', 'online', '2019-10-06 15:47:34.86423', 37.7202813280788831);
INSERT INTO public.monitor VALUES (437, 'B92', 'online', '2019-10-06 15:47:36.318859', 45.665133061826765);
INSERT INTO public.monitor VALUES (438, 'B92', 'online', '2019-10-06 15:47:37.547639', 30.1311006310262535);
INSERT INTO public.monitor VALUES (439, 'B92', 'online', '2019-10-06 15:47:38.786477', 33.9497165085178523);
INSERT INTO public.monitor VALUES (440, 'B92', 'offline', '2019-10-06 15:47:40.088866', 40.063277655140773);
INSERT INTO public.monitor VALUES (441, 'B92', 'offline', '2019-10-06 15:47:41.382388', 50.2002142427878226);
INSERT INTO public.monitor VALUES (442, 'B92', 'offline', '2019-10-06 15:47:42.673154', 48.7927357755663493);
INSERT INTO public.monitor VALUES (443, 'B92', 'offline', '2019-10-06 15:47:43.895168', 41.3571741303405176);
INSERT INTO public.monitor VALUES (444, 'B92', 'offline', '2019-10-06 15:47:45.222169', 43.205428634033737);
INSERT INTO public.monitor VALUES (445, 'B92', 'offline', '2019-10-06 15:47:46.473195', 33.0366258253661513);
INSERT INTO public.monitor VALUES (446, 'B92', 'online', '2019-10-06 15:47:47.723082', 30.7550486597966959);
INSERT INTO public.monitor VALUES (447, 'B92', 'offline', '2019-10-06 15:47:48.97229', 42.8928691133892954);
INSERT INTO public.monitor VALUES (448, 'B92', 'offline', '2019-10-06 15:47:50.224497', 22.7760492348874877);
INSERT INTO public.monitor VALUES (449, 'B92', 'offline', '2019-10-06 15:47:51.561033', 22.0756464509027275);
INSERT INTO public.monitor VALUES (450, 'B92', 'online', '2019-10-06 15:47:52.809762', 35.4071348961516463);
INSERT INTO public.monitor VALUES (451, 'B92', 'online', '2019-10-06 15:47:54.12383', 34.3176493601492609);
INSERT INTO public.monitor VALUES (452, 'B92', 'online', '2019-10-06 15:47:55.382692', 28.9585303675965093);
INSERT INTO public.monitor VALUES (453, 'B92', 'online', '2019-10-06 15:47:56.653642', 41.0384531665645866);
INSERT INTO public.monitor VALUES (454, 'B92', 'online', '2019-10-06 15:47:57.895218', 30.9435698671628252);
INSERT INTO public.monitor VALUES (455, 'B92', 'offline', '2019-10-06 15:47:59.282483', 40.0620341147004098);
INSERT INTO public.monitor VALUES (456, 'B92', 'offline', '2019-10-06 15:48:00.56512', 43.050965707826272);
INSERT INTO public.monitor VALUES (457, 'B92', 'online', '2019-10-06 15:48:01.837979', 30.6655739495855748);
INSERT INTO public.monitor VALUES (458, 'B92', 'online', '2019-10-06 15:48:03.073423', 29.7714754029836044);
INSERT INTO public.monitor VALUES (459, 'B92', 'offline', '2019-10-06 15:48:04.364799', 36.3656925588587114);
INSERT INTO public.monitor VALUES (460, 'B92', 'offline', '2019-10-06 15:48:05.763885', 46.5989727019924231);
INSERT INTO public.monitor VALUES (461, 'B92', 'online', '2019-10-06 15:48:07.043885', 40.0606640608054931);
INSERT INTO public.monitor VALUES (462, 'B92', 'offline', '2019-10-06 15:48:08.343871', 16.3555229875719448);
INSERT INTO public.monitor VALUES (463, 'B92', 'offline', '2019-10-06 15:48:09.570387', 17.8508147523132088);
INSERT INTO public.monitor VALUES (464, 'B92', 'online', '2019-10-06 15:48:10.824308', 19.9450583338565153);
INSERT INTO public.monitor VALUES (465, 'B92', 'offline', '2019-10-06 15:48:12.143969', 34.7563882271419402);
INSERT INTO public.monitor VALUES (466, 'B92', 'offline', '2019-10-06 15:48:13.384556', 28.9068518216085053);
INSERT INTO public.monitor VALUES (467, 'B92', 'offline', '2019-10-06 15:48:14.709672', 48.1045289550301263);
INSERT INTO public.monitor VALUES (468, 'B92', 'offline', '2019-10-06 15:48:15.939766', 43.6524851027099317);
INSERT INTO public.monitor VALUES (469, 'B92', 'online', '2019-10-06 15:48:17.20473', 33.4701939853041637);
INSERT INTO public.monitor VALUES (470, 'B92', 'online', '2019-10-06 15:48:18.420756', 36.2198098279675378);
INSERT INTO public.monitor VALUES (471, 'B92', 'offline', '2019-10-06 15:48:19.659216', 30.3196222993186026);
INSERT INTO public.monitor VALUES (472, 'B92', 'online', '2019-10-06 15:48:20.912066', 42.8209451748206504);
INSERT INTO public.monitor VALUES (473, 'B92', 'online', '2019-10-06 15:48:22.185407', 17.6815259842452264);
INSERT INTO public.monitor VALUES (474, 'B92', 'offline', '2019-10-06 15:48:23.463594', 46.930295067353228);
INSERT INTO public.monitor VALUES (475, 'B92', 'offline', '2019-10-06 15:48:24.759883', 26.7609416292099098);
INSERT INTO public.monitor VALUES (476, 'B92', 'online', '2019-10-06 15:48:26.058851', 47.4407765332375604);
INSERT INTO public.monitor VALUES (477, 'B92', 'offline', '2019-10-06 15:48:27.439272', 33.6564126891404953);
INSERT INTO public.monitor VALUES (478, 'B92', 'online', '2019-10-06 15:48:28.701481', 18.9036479916037692);
INSERT INTO public.monitor VALUES (479, 'B92', 'online', '2019-10-06 15:48:29.923966', 30.5172462932871582);
INSERT INTO public.monitor VALUES (480, 'B92', 'offline', '2019-10-06 15:48:31.162766', 43.2810359068165909);
INSERT INTO public.monitor VALUES (481, 'B92', 'offline', '2019-10-06 15:48:32.423376', 28.3029398674090444);
INSERT INTO public.monitor VALUES (482, 'B92', 'online', '2019-10-06 15:48:33.943737', 36.3241971757061748);
INSERT INTO public.monitor VALUES (483, 'B92', 'online', '2019-10-06 15:48:35.167365', 34.1929790142748828);
INSERT INTO public.monitor VALUES (484, 'B92', 'online', '2019-10-06 15:48:36.381818', 44.7593464822622806);
INSERT INTO public.monitor VALUES (485, 'B92', 'online', '2019-10-06 15:48:37.622614', 43.8896593814768394);
INSERT INTO public.monitor VALUES (486, 'B92', 'online', '2019-10-06 15:48:38.859269', 27.1935520796044514);
INSERT INTO public.monitor VALUES (487, 'B92', 'offline', '2019-10-06 15:48:40.141278', 38.0912827251106734);
INSERT INTO public.monitor VALUES (488, 'B92', 'online', '2019-10-06 15:48:41.396593', 15.2389293443733838);
INSERT INTO public.monitor VALUES (489, 'B92', 'offline', '2019-10-06 15:48:42.702032', 49.4699759905537704);
INSERT INTO public.monitor VALUES (490, 'B92', 'offline', '2019-10-06 15:48:43.948501', 23.2243103342725981);
INSERT INTO public.monitor VALUES (491, 'B92', 'online', '2019-10-06 15:48:45.336878', 15.6879353531830166);
INSERT INTO public.monitor VALUES (492, 'B92', 'online', '2019-10-06 15:48:46.563147', 34.8582728075338864);
INSERT INTO public.monitor VALUES (493, 'B92', 'online', '2019-10-06 15:48:47.781784', 45.1617373757236464);
INSERT INTO public.monitor VALUES (494, 'B92', 'online', '2019-10-06 15:48:49.084933', 25.8308609379707548);
INSERT INTO public.monitor VALUES (495, 'B92', 'offline', '2019-10-06 15:48:50.392005', 38.2223572304574688);
INSERT INTO public.monitor VALUES (496, 'B92', 'online', '2019-10-06 15:48:51.651987', 36.9970278591596298);
INSERT INTO public.monitor VALUES (497, 'B92', 'online', '2019-10-06 15:48:52.904119', 39.2638204793715886);
INSERT INTO public.monitor VALUES (498, 'B92', 'offline', '2019-10-06 15:48:54.186074', 38.3036610884917081);
INSERT INTO public.monitor VALUES (499, 'B92', 'online', '2019-10-06 15:48:55.611141', 46.1392400513949497);
INSERT INTO public.monitor VALUES (500, 'B92', 'offline', '2019-10-06 15:48:56.889246', 40.6524501299734595);
INSERT INTO public.monitor VALUES (501, 'B92', 'offline', '2019-10-06 15:48:58.153756', 35.1726914663855013);
INSERT INTO public.monitor VALUES (502, 'B92', 'offline', '2019-10-06 15:48:59.417574', 39.222067318287074);
INSERT INTO public.monitor VALUES (503, 'B92', 'online', '2019-10-06 15:49:00.664099', 26.8176684006307511);
INSERT INTO public.monitor VALUES (504, 'B92', 'offline', '2019-10-06 15:49:01.883465', 35.4132636115495174);
INSERT INTO public.monitor VALUES (505, 'B92', 'offline', '2019-10-06 15:49:03.164793', 41.369197779694062);
INSERT INTO public.monitor VALUES (506, 'B92', 'online', '2019-10-06 15:49:04.444992', 50.4315356914452693);
INSERT INTO public.monitor VALUES (507, 'B92', 'offline', '2019-10-06 15:49:05.734926', 40.9752138878860421);
INSERT INTO public.monitor VALUES (508, 'B92', 'online', '2019-10-06 15:49:07.003296', 27.4781920852606589);
INSERT INTO public.monitor VALUES (509, 'B92', 'offline', '2019-10-06 15:49:08.287891', 35.8046826676730063);
INSERT INTO public.monitor VALUES (510, 'B92', 'offline', '2019-10-06 15:49:09.560759', 48.8280569185215541);
INSERT INTO public.monitor VALUES (511, 'B92', 'offline', '2019-10-06 15:49:10.844138', 25.0880440222788224);
INSERT INTO public.monitor VALUES (512, 'B92', 'offline', '2019-10-06 15:49:12.182678', 41.7428571663102232);
INSERT INTO public.monitor VALUES (513, 'B92', 'online', '2019-10-06 15:49:13.417902', 20.2501230895226243);
INSERT INTO public.monitor VALUES (514, 'B92', 'online', '2019-10-06 15:49:14.755938', 18.0801195234628125);
INSERT INTO public.monitor VALUES (515, 'S10', 'online', '2019-10-06 16:09:04.767134', 20.7084158576285908);
INSERT INTO public.monitor VALUES (516, 'S10', 'online', '2019-10-06 16:09:11.6297', 43.9676563470135022);
INSERT INTO public.monitor VALUES (517, 'S10', 'offline', '2019-10-06 16:09:13.695887', 43.3893627156830775);
INSERT INTO public.monitor VALUES (518, 'S10', 'offline', '2019-10-06 16:09:14.933773', 40.2634163789157711);
INSERT INTO public.monitor VALUES (519, 'S10', 'online', '2019-10-06 16:09:16.182887', 24.9935148874387316);
INSERT INTO public.monitor VALUES (520, 'S10', 'online', '2019-10-06 16:09:19.47362', 16.3533875851714967);
INSERT INTO public.monitor VALUES (521, 'S10', 'online', '2019-10-06 16:09:20.961576', 22.5839073826733561);
INSERT INTO public.monitor VALUES (522, 'S10', 'online', '2019-10-06 16:09:22.401425', 35.3038728943079718);
INSERT INTO public.monitor VALUES (523, 'S10', 'offline', '2019-10-06 16:09:24.491294', 15.1799402653180184);
INSERT INTO public.monitor VALUES (524, 'S10', 'online', '2019-10-06 16:11:05.260929', 30.4126615468920249);
INSERT INTO public.monitor VALUES (525, 'S10', 'online', '2019-10-06 16:11:15.811982', 18.7151608640314642);
INSERT INTO public.monitor VALUES (526, 'S10', 'offline', '2019-10-06 16:11:19.051589', 41.6781391982511664);
INSERT INTO public.monitor VALUES (527, 'S10', 'offline', '2019-10-06 16:11:22.313501', 22.7584135562121652);
INSERT INTO public.monitor VALUES (528, 'S10', 'online', '2019-10-06 16:11:24.309254', 36.4827645559908902);
INSERT INTO public.monitor VALUES (529, 'S10', 'offline', '2019-10-06 16:11:27.307175', 22.0100707278387056);
INSERT INTO public.monitor VALUES (530, 'B92', 'offline', '2019-10-06 16:40:14.412412', 18.3432316144448464);
INSERT INTO public.monitor VALUES (531, 'B92', 'online', '2019-10-06 16:40:16.206833', 31.1223778950616037);
INSERT INTO public.monitor VALUES (532, 'B92', 'online', '2019-10-06 16:40:17.420279', 18.4948774398126901);
INSERT INTO public.monitor VALUES (533, 'B92', 'online', '2019-10-06 16:40:18.63748', 42.7944626183708365);
INSERT INTO public.monitor VALUES (534, 'B92', 'offline', '2019-10-06 16:40:19.870302', 30.1205266299174355);
INSERT INTO public.monitor VALUES (535, 'B92', 'offline', '2019-10-06 16:40:21.059266', 15.6229623431079414);
INSERT INTO public.monitor VALUES (536, 'B92', 'online', '2019-10-06 16:40:22.28027', 28.0510318288470728);
INSERT INTO public.monitor VALUES (537, 'B92', 'offline', '2019-10-06 16:40:23.499051', 36.3192709595293763);
INSERT INTO public.monitor VALUES (538, 'B92', 'offline', '2019-10-06 16:40:24.70033', 27.5869615542948168);
INSERT INTO public.monitor VALUES (539, 'B92', 'online', '2019-10-06 16:40:25.882442', 30.4301613406964933);
INSERT INTO public.monitor VALUES (540, 'B92', 'online', '2019-10-06 16:40:27.083269', 43.1247822420783464);
INSERT INTO public.monitor VALUES (541, 'B92', 'offline', '2019-10-06 16:40:28.304997', 19.9005604318004607);
INSERT INTO public.monitor VALUES (542, 'B92', 'online', '2019-10-06 16:40:29.51747', 36.8954370871569495);
INSERT INTO public.monitor VALUES (543, 'B92', 'online', '2019-10-06 16:40:30.717996', 28.5993487288046531);
INSERT INTO public.monitor VALUES (544, 'B92', 'offline', '2019-10-06 16:40:31.938036', 16.377080492222035);
INSERT INTO public.monitor VALUES (545, 'B92', 'offline', '2019-10-06 16:40:33.135714', 47.116082039408262);
INSERT INTO public.monitor VALUES (546, 'B92', 'online', '2019-10-06 16:40:34.383507', 30.4336073125080731);
INSERT INTO public.monitor VALUES (547, 'B92', 'online', '2019-10-06 16:40:35.587085', 46.6483086191964844);
INSERT INTO public.monitor VALUES (548, 'S10', 'online', '2019-10-06 16:40:44.171943', 40.3635550484796681);
INSERT INTO public.monitor VALUES (549, 'S10', 'offline', '2019-10-06 16:40:45.400017', 29.8265405768398288);
INSERT INTO public.monitor VALUES (550, 'S10', 'offline', '2019-10-06 16:40:46.620264', 33.6245372212776275);
INSERT INTO public.monitor VALUES (551, 'S10', 'offline', '2019-10-06 16:40:47.841488', 37.0376597166736872);
INSERT INTO public.monitor VALUES (552, 'S10', 'online', '2019-10-06 16:40:49.053069', 31.7010525521099815);
INSERT INTO public.monitor VALUES (553, 'S10', 'offline', '2019-10-06 16:40:50.26445', 43.7523164484335894);
INSERT INTO public.monitor VALUES (554, 'S10', 'offline', '2019-10-06 16:40:51.484733', 30.9006442888417823);
INSERT INTO public.monitor VALUES (555, 'S10', 'online', '2019-10-06 16:40:52.697873', 20.966435135378223);
INSERT INTO public.monitor VALUES (556, 'S10', 'offline', '2019-10-06 16:40:53.900921', 21.8679717460941916);
INSERT INTO public.monitor VALUES (557, 'B92', 'offline', '2019-10-06 16:43:11.468471', 45.9563746043040311);
INSERT INTO public.monitor VALUES (558, 'B92', 'offline', '2019-10-06 16:43:12.703564', 45.3771664807318729);
INSERT INTO public.monitor VALUES (559, 'B92', 'offline', '2019-10-06 16:43:13.919962', 18.8802600753599741);
INSERT INTO public.monitor VALUES (560, 'B92', 'offline', '2019-10-06 16:43:15.138565', 24.7467262995212138);
INSERT INTO public.monitor VALUES (561, 'B92', 'offline', '2019-10-06 16:43:16.344691', 25.3271717928520417);
INSERT INTO public.monitor VALUES (562, 'B92', 'offline', '2019-10-06 16:43:17.546883', 21.1641776032581248);
INSERT INTO public.monitor VALUES (563, 'B92', 'online', '2019-10-06 16:43:18.760986', 34.1494236272914264);
INSERT INTO public.monitor VALUES (564, 'B92', 'offline', '2019-10-06 16:43:19.981034', 43.6697826545404126);
INSERT INTO public.monitor VALUES (565, 'B92', 'online', '2019-10-06 16:43:21.219173', 44.513671694923346);
INSERT INTO public.monitor VALUES (566, 'B92', 'offline', '2019-10-06 16:43:22.431024', 25.5828619705832239);
INSERT INTO public.monitor VALUES (567, 'B92', 'offline', '2019-10-06 16:44:15.812403', 49.1265291354366127);
INSERT INTO public.monitor VALUES (568, 'B92', 'online', '2019-10-06 16:44:17.014765', 40.3461828186234683);
INSERT INTO public.monitor VALUES (569, 'B92', 'online', '2019-10-06 16:44:18.225959', 44.1320724632859509);
INSERT INTO public.monitor VALUES (570, 'B92', 'online', '2019-10-06 16:44:19.465995', 33.0166132569665223);
INSERT INTO public.monitor VALUES (571, 'B92', 'online', '2019-10-06 16:44:20.685702', 18.6360912136636969);
INSERT INTO public.monitor VALUES (572, 'B92', 'offline', '2019-10-06 16:44:21.917156', 30.5827081914028085);
INSERT INTO public.monitor VALUES (573, 'B92', 'online', '2019-10-06 16:44:23.123463', 46.6195738331567071);
INSERT INTO public.monitor VALUES (574, 'B92', 'offline', '2019-10-06 16:44:24.350642', 48.5350785547714096);
INSERT INTO public.monitor VALUES (575, 'B92', 'online', '2019-10-06 16:44:25.581353', 23.4506309542587275);
INSERT INTO public.monitor VALUES (576, 'B92', 'online', '2019-10-06 16:44:26.778075', 33.1037098987394529);
INSERT INTO public.monitor VALUES (577, 'B92', 'offline', '2019-10-06 16:44:27.9846', 39.5924459245193745);
INSERT INTO public.monitor VALUES (578, 'B92', 'offline', '2019-10-06 16:44:29.222355', 17.2966008211040077);
INSERT INTO public.monitor VALUES (579, 'B92', 'offline', '2019-10-06 16:44:30.502816', 38.4585091575341664);
INSERT INTO public.monitor VALUES (580, 'B92', 'online', '2019-10-06 16:47:29.108945', 49.00544976636332);
INSERT INTO public.monitor VALUES (581, 'B92', 'offline', '2019-10-06 16:47:30.317924', 46.5437173791791139);
INSERT INTO public.monitor VALUES (582, 'B92', 'offline', '2019-10-06 16:47:31.490542', 18.4357740300987487);
INSERT INTO public.monitor VALUES (583, 'B92', 'online', '2019-10-06 16:47:32.676881', 33.2148764579818163);
INSERT INTO public.monitor VALUES (584, 'B92', 'offline', '2019-10-06 16:47:33.851109', 21.2449243984917082);
INSERT INTO public.monitor VALUES (585, 'B92', 'online', '2019-10-06 16:47:35.029274', 34.5973062288822604);
INSERT INTO public.monitor VALUES (586, 'B92', 'online', '2019-10-06 16:47:36.243241', 37.4888529119701488);
INSERT INTO public.monitor VALUES (587, 'B92', 'offline', '2019-10-06 16:47:37.457982', 20.6444492634710244);
INSERT INTO public.monitor VALUES (588, 'B92', 'online', '2019-10-06 16:47:38.647173', 22.8390778971665043);
INSERT INTO public.monitor VALUES (589, 'B92', 'online', '2019-10-06 16:47:39.836535', 35.2279861892348478);
INSERT INTO public.monitor VALUES (590, 'B92', 'online', '2019-10-06 16:47:58.444674', 46.4148440325835452);
INSERT INTO public.monitor VALUES (591, 'B92', 'offline', '2019-10-06 16:47:59.634678', 15.6941641578641899);
INSERT INTO public.monitor VALUES (592, 'B92', 'offline', '2019-10-06 16:48:00.83898', 31.1901001538979514);
INSERT INTO public.monitor VALUES (593, 'B92', 'offline', '2019-10-06 16:48:02.032706', 46.0042424554461888);
INSERT INTO public.monitor VALUES (594, 'B92', 'online', '2019-10-06 16:48:03.238044', 39.214566713301636);
INSERT INTO public.monitor VALUES (595, 'B92', 'offline', '2019-10-06 16:48:04.451378', 20.519407390256891);
INSERT INTO public.monitor VALUES (596, 'B92', 'online', '2019-10-06 16:48:05.646012', 48.7132293019754314);
INSERT INTO public.monitor VALUES (597, 'B92', 'online', '2019-10-06 16:48:06.85679', 39.5015456272309606);
INSERT INTO public.monitor VALUES (598, 'B92', 'offline', '2019-10-06 16:48:08.03271', 36.3566804576189213);
INSERT INTO public.monitor VALUES (599, 'B92', 'offline', '2019-10-06 16:48:09.237168', 36.6430363623534419);
INSERT INTO public.monitor VALUES (600, 'B92', 'online', '2019-10-06 16:48:10.461357', 40.0828816901954639);
INSERT INTO public.monitor VALUES (601, 'B92', 'online', '2019-10-06 16:48:11.656437', 20.6921896990972627);
INSERT INTO public.monitor VALUES (602, 'B92', 'online', '2019-10-06 16:48:12.893829', 46.1351607261126588);
INSERT INTO public.monitor VALUES (603, 'B92', 'online', '2019-10-06 16:48:14.09457', 34.5334452000949597);
INSERT INTO public.monitor VALUES (604, 'B92', 'online', '2019-10-06 16:48:15.347154', 48.6655046379716083);
INSERT INTO public.monitor VALUES (605, 'B92', 'offline', '2019-10-06 16:48:16.55461', 17.9025862243719835);
INSERT INTO public.monitor VALUES (606, 'B92', 'offline', '2019-10-06 16:48:17.780857', 46.4466486354364747);
INSERT INTO public.monitor VALUES (607, 'B92', 'offline', '2019-10-06 16:48:19.03969', 32.9366196831449543);
INSERT INTO public.monitor VALUES (608, 'B92', 'online', '2019-10-06 16:48:20.221278', 35.4336683423218801);
INSERT INTO public.monitor VALUES (609, 'B92', 'offline', '2019-10-06 16:48:21.404619', 27.953715433581543);
INSERT INTO public.monitor VALUES (610, 'B92', 'offline', '2019-10-06 16:48:22.626484', 23.2740416411814017);
INSERT INTO public.monitor VALUES (611, 'B92', 'offline', '2019-10-06 16:49:29.420694', 24.1038099848949656);
INSERT INTO public.monitor VALUES (612, 'B92', 'offline', '2019-10-06 16:49:30.670119', 20.2665861652103132);
INSERT INTO public.monitor VALUES (613, 'B92', 'online', '2019-10-06 16:49:31.923171', 17.643250213197696);
INSERT INTO public.monitor VALUES (614, 'B92', 'online', '2019-10-06 16:51:16.676571', 16.1430066727498058);
INSERT INTO public.monitor VALUES (615, 'B92', 'offline', '2019-10-06 16:51:17.886576', 32.955299527799113);
INSERT INTO public.monitor VALUES (616, 'B92', 'online', '2019-10-06 16:51:19.119219', 30.4965414632961256);
INSERT INTO public.monitor VALUES (617, 'B92', 'online', '2019-10-06 16:51:20.326249', 26.1593713103722081);
INSERT INTO public.monitor VALUES (618, 'B92', 'offline', '2019-10-06 16:51:21.534596', 16.8642325121407417);
INSERT INTO public.monitor VALUES (619, 'B92', 'offline', '2019-10-06 16:51:22.740681', 45.747304872157855);
INSERT INTO public.monitor VALUES (620, 'B92', 'offline', '2019-10-06 16:51:23.959702', 17.7508971937214817);
INSERT INTO public.monitor VALUES (621, 'B92', 'offline', '2019-10-06 16:51:25.187966', 23.8430984534614439);
INSERT INTO public.monitor VALUES (622, 'B92', 'online', '2019-10-06 16:51:26.385631', 29.2690355200335617);
INSERT INTO public.monitor VALUES (623, 'B92', 'offline', '2019-10-06 16:51:27.620448', 43.483238974187401);
INSERT INTO public.monitor VALUES (624, 'B92', 'offline', '2019-10-06 16:51:28.866175', 31.1498636804719276);
INSERT INTO public.monitor VALUES (625, 'B92', 'offline', '2019-10-06 16:51:30.074472', 35.2593598703556239);
INSERT INTO public.monitor VALUES (626, 'B92', 'online', '2019-10-06 17:03:36.947638', 45.5673429140230084);
INSERT INTO public.monitor VALUES (627, 'B92', 'online', '2019-10-06 17:03:38.147774', 28.2424246697915535);
INSERT INTO public.monitor VALUES (628, 'B92', 'offline', '2019-10-06 17:03:39.365156', 36.2831477108131537);
INSERT INTO public.monitor VALUES (629, 'B92', 'offline', '2019-10-06 17:03:40.60679', 34.0556199326238982);
INSERT INTO public.monitor VALUES (630, 'B92', 'offline', '2019-10-06 17:03:41.79027', 29.6662613116214544);
INSERT INTO public.monitor VALUES (631, 'B92', 'offline', '2019-10-06 17:03:43.003191', 29.4582312396811901);
INSERT INTO public.monitor VALUES (632, 'B92', 'offline', '2019-10-06 17:03:44.194575', 19.7342929751062215);
INSERT INTO public.monitor VALUES (633, 'B92', 'offline', '2019-10-06 17:03:45.411216', 44.2764221590204912);
INSERT INTO public.monitor VALUES (634, 'B92', 'online', '2019-10-06 17:03:46.605083', 33.1708519120299812);
INSERT INTO public.monitor VALUES (635, 'B92', 'online', '2019-10-06 17:03:47.811617', 20.4651953289748114);
INSERT INTO public.monitor VALUES (636, 'B92', 'online', '2019-10-06 17:03:49.357764', 15.644166404434408);
INSERT INTO public.monitor VALUES (637, 'B92', 'online', '2019-10-06 17:03:50.585949', 28.9654590394699341);
INSERT INTO public.monitor VALUES (638, 'B92', 'online', '2019-10-06 17:03:51.785867', 43.1577451215290537);
INSERT INTO public.monitor VALUES (639, 'B92', 'online', '2019-10-06 17:03:52.987245', 16.5122244406931706);
INSERT INTO public.monitor VALUES (640, 'B92', 'offline', '2019-10-06 17:03:54.211205', 34.9841714373929591);
INSERT INTO public.monitor VALUES (641, 'B92', 'online', '2019-10-06 17:03:55.417875', 39.532483623639898);
INSERT INTO public.monitor VALUES (642, 'B92', 'offline', '2019-10-06 17:03:56.662584', 33.0026190755656543);
INSERT INTO public.monitor VALUES (643, 'B92', 'offline', '2019-10-06 17:24:49.556805', 34.0814814352197004);
INSERT INTO public.monitor VALUES (644, 'B92', 'offline', '2019-10-06 17:24:50.769895', 43.8853520078649382);
INSERT INTO public.monitor VALUES (645, 'B92', 'offline', '2019-10-06 17:24:51.96711', 42.6285163711974349);
INSERT INTO public.monitor VALUES (646, 'B92', 'online', '2019-10-06 17:24:53.206956', 35.4281790489948563);
INSERT INTO public.monitor VALUES (647, 'B92', 'offline', '2019-10-06 17:24:54.411131', 40.8642148886273588);
INSERT INTO public.monitor VALUES (648, 'B92', 'offline', '2019-10-06 17:24:55.633608', 16.9215019268341536);
INSERT INTO public.monitor VALUES (649, 'B92', 'online', '2019-10-06 17:24:56.831091', 41.0642291390296847);
INSERT INTO public.monitor VALUES (650, 'B92', 'online', '2019-10-06 17:24:58.142256', 19.8864622441205938);
INSERT INTO public.monitor VALUES (651, 'B92', 'offline', '2019-10-06 17:25:00.027654', 32.7893925179828472);
INSERT INTO public.monitor VALUES (652, 'B92', 'offline', '2019-10-06 17:25:01.91747', 19.241123643936092);
INSERT INTO public.monitor VALUES (653, 'B92', 'offline', '2019-10-06 17:25:03.124465', 42.1113727753790101);
INSERT INTO public.monitor VALUES (654, 'B92', 'online', '2019-10-06 17:25:04.361123', 36.3676861980559494);
INSERT INTO public.monitor VALUES (655, 'B92', 'offline', '2019-10-06 17:25:05.572132', 38.4285671576407282);
INSERT INTO public.monitor VALUES (656, 'B92', 'offline', '2019-10-06 17:25:06.802885', 42.5085423027815352);
INSERT INTO public.monitor VALUES (657, 'B92', 'offline', '2019-10-06 17:25:08.033607', 34.9506166024645069);
INSERT INTO public.monitor VALUES (658, 'B92', 'offline', '2019-10-06 17:25:09.29773', 48.0653746211782504);
INSERT INTO public.monitor VALUES (659, 'B92', 'online', '2019-10-06 17:25:10.490559', 19.1851701035527142);
INSERT INTO public.monitor VALUES (660, 'B92', 'offline', '2019-10-06 17:25:11.724416', 43.8889252297110843);
INSERT INTO public.monitor VALUES (661, 'B92', 'online', '2019-10-06 17:25:12.91441', 44.2306319717571768);
INSERT INTO public.monitor VALUES (662, 'B92', 'offline', '2019-10-06 17:25:14.15232', 18.1101271284374015);
INSERT INTO public.monitor VALUES (663, 'B92', 'online', '2019-10-06 17:25:15.374047', 18.1999873700220718);
INSERT INTO public.monitor VALUES (664, 'B92', 'offline', '2019-10-06 17:25:16.594472', 22.6964702368072579);
INSERT INTO public.monitor VALUES (665, 'B92', 'online', '2019-10-06 17:25:17.80104', 23.5028938789053967);
INSERT INTO public.monitor VALUES (666, 'B92', 'offline', '2019-10-06 17:25:19.011964', 37.5755393305224956);
INSERT INTO public.monitor VALUES (667, 'B92', 'online', '2019-10-06 17:25:20.272278', 46.4945592891531447);
INSERT INTO public.monitor VALUES (668, 'B92', 'online', '2019-10-06 17:25:21.477193', 38.6147528982947961);
INSERT INTO public.monitor VALUES (669, 'B92', 'online', '2019-10-06 17:25:22.729468', 24.7558290449121685);
INSERT INTO public.monitor VALUES (670, 'B92', 'offline', '2019-10-06 17:25:23.974451', 37.6912061082271777);
INSERT INTO public.monitor VALUES (671, 'B92', 'online', '2019-10-06 17:27:15.380861', 48.6460118041669745);
INSERT INTO public.monitor VALUES (672, 'B92', 'online', '2019-10-06 17:27:16.591', 40.1974693556693339);
INSERT INTO public.monitor VALUES (673, 'B92', 'online', '2019-10-06 17:27:17.821096', 37.3510488319508127);
INSERT INTO public.monitor VALUES (674, 'B92', 'online', '2019-10-06 17:27:19.047729', 21.467564526328669);
INSERT INTO public.monitor VALUES (675, 'B92', 'online', '2019-10-06 17:27:20.255876', 34.4922732934562219);
INSERT INTO public.monitor VALUES (676, 'B92', 'online', '2019-10-06 17:27:21.446896', 34.9604129394321888);
INSERT INTO public.monitor VALUES (677, 'B92', 'online', '2019-10-06 17:27:22.68123', 26.6169342928086614);
INSERT INTO public.monitor VALUES (678, 'B92', 'online', '2019-10-06 17:27:24.110966', 18.9146375484709459);
INSERT INTO public.monitor VALUES (679, 'B92', 'online', '2019-10-06 17:27:25.325454', 23.5168829729390438);
INSERT INTO public.monitor VALUES (680, 'B92', 'online', '2019-10-06 17:27:26.543726', 18.7831359710037233);
INSERT INTO public.monitor VALUES (681, 'B92', 'online', '2019-10-06 17:27:27.765653', 47.9947879367239665);
INSERT INTO public.monitor VALUES (682, 'B92', 'online', '2019-10-06 17:27:28.973339', 29.1459281306612255);
INSERT INTO public.monitor VALUES (683, 'B92', 'online', '2019-10-06 17:27:30.147793', 20.9093568587468219);
INSERT INTO public.monitor VALUES (684, 'B92', 'online', '2019-10-06 17:27:31.344373', 28.3002065995016991);
INSERT INTO public.monitor VALUES (685, 'B92', 'online', '2019-10-06 17:27:32.589606', 45.3182963279042212);
INSERT INTO public.monitor VALUES (686, 'B92', 'online', '2019-10-06 17:27:33.770288', 18.3316786012349091);
INSERT INTO public.monitor VALUES (687, 'B92', 'online', '2019-10-06 17:27:34.967772', 30.0929098283713721);
INSERT INTO public.monitor VALUES (688, 'B92', 'online', '2019-10-06 17:27:36.181001', 32.0158707122214707);
INSERT INTO public.monitor VALUES (689, 'B92', 'online', '2019-10-06 17:27:37.362838', 27.0035076809382701);
INSERT INTO public.monitor VALUES (690, 'B92', 'online', '2019-10-06 17:27:38.569537', 37.3373684389672036);
INSERT INTO public.monitor VALUES (691, 'B92', 'online', '2019-10-06 17:27:39.79269', 43.8350472256516213);
INSERT INTO public.monitor VALUES (692, 'B92', 'online', '2019-10-06 17:27:41.034342', 40.6936685741732589);
INSERT INTO public.monitor VALUES (693, 'B92', 'online', '2019-10-06 17:27:42.246083', 25.0421437779720293);
INSERT INTO public.monitor VALUES (694, 'B92', 'online', '2019-10-06 17:27:43.482546', 47.5122465386430903);
INSERT INTO public.monitor VALUES (695, 'B92', 'online', '2019-10-06 17:27:44.67223', 42.5481533236844598);
INSERT INTO public.monitor VALUES (696, 'B92', 'online', '2019-10-06 17:27:45.903338', 46.6724629571532859);
INSERT INTO public.monitor VALUES (697, 'B92', 'online', '2019-10-06 17:27:47.079981', 23.1897031864183347);
INSERT INTO public.monitor VALUES (698, 'B92', 'online', '2019-10-06 17:27:48.267452', 24.9758493030400608);
INSERT INTO public.monitor VALUES (699, 'B92', 'online', '2019-10-06 17:27:49.505641', 32.6742861451865636);
INSERT INTO public.monitor VALUES (700, 'B92', 'online', '2019-10-06 17:27:50.693399', 25.4032156029052665);
INSERT INTO public.monitor VALUES (701, 'B92', 'online', '2019-10-06 17:27:51.939935', 23.2172897932421876);
INSERT INTO public.monitor VALUES (702, 'B92', 'online', '2019-10-06 17:27:53.27299', 16.0624931501720276);
INSERT INTO public.monitor VALUES (703, 'B92', 'online', '2019-10-06 17:27:54.489507', 37.0136822073464202);
INSERT INTO public.monitor VALUES (704, 'B92', 'online', '2019-10-06 17:27:55.7037', 21.9070586754052421);
INSERT INTO public.monitor VALUES (705, 'B92', 'online', '2019-10-06 17:27:56.915154', 26.3528138365081652);
INSERT INTO public.monitor VALUES (706, 'B92', 'online', '2019-10-06 17:27:58.152619', 36.0332851397313192);
INSERT INTO public.monitor VALUES (707, 'B92', 'online', '2019-10-06 17:27:59.402994', 15.615962463326051);
INSERT INTO public.monitor VALUES (708, 'B92', 'online', '2019-10-06 17:31:01.156829', 19.7515989117421498);
INSERT INTO public.monitor VALUES (709, 'B92', 'online', '2019-10-06 17:31:02.347604', 19.3960009894625038);
INSERT INTO public.monitor VALUES (710, 'B92', 'online', '2019-10-06 17:31:03.531082', 20.2125564714563417);
INSERT INTO public.monitor VALUES (711, 'B92', 'online', '2019-10-06 17:31:05.090614', 42.0193276294272664);
INSERT INTO public.monitor VALUES (712, 'B92', 'online', '2019-10-06 17:31:06.294411', 43.9822386650202191);
INSERT INTO public.monitor VALUES (713, 'B92', 'online', '2019-10-06 17:31:07.481393', 31.8372512353632935);
INSERT INTO public.monitor VALUES (714, 'B92', 'online', '2019-10-06 17:31:08.682518', 20.8617759892513632);
INSERT INTO public.monitor VALUES (715, 'B92', 'online', '2019-10-06 17:31:09.870044', 15.5645291072944882);
INSERT INTO public.monitor VALUES (716, 'B92', 'online', '2019-10-06 17:31:11.047723', 23.3399855592450187);
INSERT INTO public.monitor VALUES (717, 'B92', 'online', '2019-10-06 17:31:12.250646', 33.3239625944343416);
INSERT INTO public.monitor VALUES (718, 'B92', 'online', '2019-10-06 17:31:13.421058', 39.7333612703543722);
INSERT INTO public.monitor VALUES (719, 'B92', 'offline', '2019-10-06 17:31:34.692546', 34.3010710330122635);
INSERT INTO public.monitor VALUES (720, 'B92', 'online', '2019-10-06 17:31:35.904419', 36.1953199598926574);
INSERT INTO public.monitor VALUES (721, 'B92', 'online', '2019-10-06 17:31:37.088371', 48.8798007214369861);
INSERT INTO public.monitor VALUES (722, 'B92', 'offline', '2019-10-06 17:31:38.277673', 49.3086033828103041);
INSERT INTO public.monitor VALUES (723, 'B92', 'online', '2019-10-06 17:31:39.461079', 49.6800660167716259);
INSERT INTO public.monitor VALUES (724, 'B92', 'online', '2019-10-06 17:31:40.665867', 47.9944448427528272);
INSERT INTO public.monitor VALUES (725, 'B92', 'online', '2019-10-06 17:31:41.899428', 41.2937737088785397);
INSERT INTO public.monitor VALUES (726, 'B92', 'online', '2019-10-06 17:31:43.084429', 44.6843883896888343);
INSERT INTO public.monitor VALUES (727, 'B92', 'offline', '2019-10-06 17:31:44.269574', 16.0063390089598734);
INSERT INTO public.monitor VALUES (728, 'B92', 'online', '2019-10-06 17:33:44.452622', 23.2991051290985318);
INSERT INTO public.monitor VALUES (729, 'B92', 'online', '2019-10-06 17:33:45.655869', 31.5576945498802921);
INSERT INTO public.monitor VALUES (730, 'B92', 'online', '2019-10-06 17:33:46.861086', 33.4479197623897164);
INSERT INTO public.monitor VALUES (731, 'B92', 'online', '2019-10-06 17:33:48.074416', 29.4581677333856788);
INSERT INTO public.monitor VALUES (732, 'B92', 'offline', '2019-10-06 17:33:49.267334', 16.4366743218247215);
INSERT INTO public.monitor VALUES (733, 'B92', 'online', '2019-10-06 17:33:50.490219', 25.2862340529508103);
INSERT INTO public.monitor VALUES (734, 'B92', 'online', '2019-10-06 17:33:51.708208', 25.4561297339853425);
INSERT INTO public.monitor VALUES (735, 'B92', 'online', '2019-10-06 17:33:52.921048', 41.5357719797540028);
INSERT INTO public.monitor VALUES (736, 'B92', 'offline', '2019-10-06 17:33:54.117838', 33.7898214544982594);
INSERT INTO public.monitor VALUES (737, 'B92', 'offline', '2019-10-06 17:33:55.329437', 27.3143500813497937);
INSERT INTO public.monitor VALUES (738, 'B92', 'offline', '2019-10-06 17:33:56.574423', 29.2689526148251673);
INSERT INTO public.monitor VALUES (739, 'B92', 'online', '2019-10-06 17:33:57.78668', 46.061078767120442);
INSERT INTO public.monitor VALUES (740, 'B92', 'online', '2019-10-06 17:33:59.039129', 40.7212415853186869);
INSERT INTO public.monitor VALUES (741, 'B92', 'offline', '2019-10-06 17:34:00.257722', 22.0045535299140447);
INSERT INTO public.monitor VALUES (742, 'B92', 'offline', '2019-10-06 17:34:01.785843', 17.1061574841295538);
INSERT INTO public.monitor VALUES (743, 'B92', 'offline', '2019-10-06 17:35:22.925305', 48.21258311625364);
INSERT INTO public.monitor VALUES (744, 'B92', 'offline', '2019-10-06 17:35:24.155386', 23.4007031712470237);
INSERT INTO public.monitor VALUES (745, 'B92', 'offline', '2019-10-06 17:35:25.394352', 47.8424161157995158);
INSERT INTO public.monitor VALUES (746, 'B92', 'online', '2019-10-06 17:35:26.6034', 41.3559814987885872);
INSERT INTO public.monitor VALUES (747, 'B92', 'offline', '2019-10-06 17:35:27.819717', 38.6089886124567272);
INSERT INTO public.monitor VALUES (748, 'B92', 'online', '2019-10-06 17:35:29.034367', 30.5553975214045082);
INSERT INTO public.monitor VALUES (749, 'B92', 'offline', '2019-10-06 17:35:30.262246', 31.8561607982205501);
INSERT INTO public.monitor VALUES (750, 'B92', 'offline', '2019-10-06 17:35:31.47289', 50.0568717091145174);
INSERT INTO public.monitor VALUES (751, 'B92', 'online', '2019-10-06 17:35:32.682539', 28.5515531550173094);
INSERT INTO public.monitor VALUES (752, 'B92', 'online', '2019-10-06 17:35:33.891092', 16.5237858991319229);
INSERT INTO public.monitor VALUES (753, 'B92', 'offline', '2019-10-06 17:35:35.110124', 21.408447149964374);
INSERT INTO public.monitor VALUES (754, 'B92', 'online', '2019-10-06 17:35:36.311064', 47.4187277699354297);
INSERT INTO public.monitor VALUES (755, 'B92', 'offline', '2019-10-06 17:35:37.532595', 43.4864774928367268);
INSERT INTO public.monitor VALUES (756, 'B92', 'online', '2019-10-06 17:35:38.75552', 32.8566622111683841);
INSERT INTO public.monitor VALUES (757, 'B92', 'offline', '2019-10-06 17:35:39.972991', 24.769717545052746);
INSERT INTO public.monitor VALUES (758, 'B92', 'online', '2019-10-06 17:35:41.179857', 33.8897678737271946);
INSERT INTO public.monitor VALUES (759, 'B92', 'offline', '2019-10-06 17:36:41.613012', 32.0744532443966506);
INSERT INTO public.monitor VALUES (760, 'B92', 'online', '2019-10-06 17:36:42.804301', 46.6580645733980006);
INSERT INTO public.monitor VALUES (761, 'B92', 'online', '2019-10-06 17:36:43.993965', 41.1380924177477567);
INSERT INTO public.monitor VALUES (762, 'B92', 'online', '2019-10-06 17:36:45.184276', 44.3163920973676824);
INSERT INTO public.monitor VALUES (763, 'B92', 'online', '2019-10-06 17:36:46.377106', 42.4618959409173584);
INSERT INTO public.monitor VALUES (764, 'B92', 'online', '2019-10-06 17:36:47.56105', 29.0816951972709212);
INSERT INTO public.monitor VALUES (765, 'B92', 'online', '2019-10-06 17:37:37.612395', 26.9550136133312535);
INSERT INTO public.monitor VALUES (766, 'B92', 'online', '2019-10-06 17:37:38.805911', 21.5587051736973336);
INSERT INTO public.monitor VALUES (767, 'B92', 'online', '2019-10-06 17:37:40.043374', 43.2154168146259536);
INSERT INTO public.monitor VALUES (768, 'B92', 'online', '2019-10-06 17:37:41.270923', 31.4716471282308277);
INSERT INTO public.monitor VALUES (769, 'B92', 'online', '2019-10-06 17:37:42.49723', 34.8701210157254025);
INSERT INTO public.monitor VALUES (770, 'B92', 'offline', '2019-10-06 17:37:43.731049', 47.9083723137552582);
INSERT INTO public.monitor VALUES (771, 'B92', 'offline', '2019-10-06 17:37:44.980321', 36.4690392795889196);
INSERT INTO public.monitor VALUES (772, 'B92', 'online', '2019-10-06 17:37:46.191009', 34.5401761624640784);
INSERT INTO public.monitor VALUES (773, 'B92', 'offline', '2019-10-06 17:37:47.403193', 34.0503793050015489);
INSERT INTO public.monitor VALUES (774, 'B92', 'offline', '2019-10-06 17:37:48.606612', 18.1409118703181598);
INSERT INTO public.monitor VALUES (775, 'B92', 'offline', '2019-10-06 17:37:49.844141', 16.8791029332990554);
INSERT INTO public.monitor VALUES (776, 'B92', 'online', '2019-10-06 17:37:51.082284', 22.7867427862343597);
INSERT INTO public.monitor VALUES (777, 'B92', 'offline', '2019-10-06 17:37:52.319172', 31.1095639007561218);
INSERT INTO public.monitor VALUES (778, 'B92', 'offline', '2019-10-06 17:37:53.54925', 29.533919387646776);
INSERT INTO public.monitor VALUES (779, 'B92', 'offline', '2019-10-06 17:37:54.763776', 37.4790470818138459);
INSERT INTO public.monitor VALUES (780, 'B92', 'offline', '2019-10-06 17:37:56.017008', 36.5760183973535788);
INSERT INTO public.monitor VALUES (781, 'B92', 'online', '2019-10-06 17:37:57.269092', 15.244814086311484);
INSERT INTO public.monitor VALUES (782, 'B92', 'offline', '2019-10-06 17:37:58.507668', 40.259542510106769);
INSERT INTO public.monitor VALUES (783, 'B92', 'online', '2019-10-06 17:37:59.717719', 44.1331516217918036);
INSERT INTO public.monitor VALUES (784, 'B92', 'online', '2019-10-06 17:38:00.952903', 28.6060596434958931);
INSERT INTO public.monitor VALUES (785, 'B92', 'offline', '2019-10-06 17:38:02.191985', 40.2459365644409814);
INSERT INTO public.monitor VALUES (786, 'B92', 'offline', '2019-10-06 17:38:03.418976', 32.3787591590310129);
INSERT INTO public.monitor VALUES (787, 'B92', 'online', '2019-10-06 17:38:04.646565', 33.0408486135098372);
INSERT INTO public.monitor VALUES (788, 'B92', 'offline', '2019-10-06 17:38:05.886309', 27.7281089875637008);
INSERT INTO public.monitor VALUES (789, 'B92', 'online', '2019-10-06 17:38:07.309938', 40.4682720141132251);
INSERT INTO public.monitor VALUES (790, 'B92', 'online', '2019-10-06 17:38:08.512956', 15.185962193960048);
INSERT INTO public.monitor VALUES (791, 'B92', 'online', '2019-10-06 17:40:47.96523', 32.8954321506868581);
INSERT INTO public.monitor VALUES (792, 'B92', 'online', '2019-10-06 17:40:49.140977', 23.5394846523262693);
INSERT INTO public.monitor VALUES (793, 'B92', 'offline', '2019-10-06 17:40:50.337459', 39.5324367664296759);
INSERT INTO public.monitor VALUES (794, 'B92', 'online', '2019-10-06 17:40:51.547635', 30.4753019600160897);
INSERT INTO public.monitor VALUES (795, 'B92', 'online', '2019-10-06 17:40:52.706577', 26.2829942879002587);
INSERT INTO public.monitor VALUES (796, 'B92', 'offline', '2019-10-06 17:40:53.89354', 16.809320161937876);
INSERT INTO public.monitor VALUES (797, 'B92', 'online', '2019-10-06 17:40:55.125821', 47.6837210737766526);
INSERT INTO public.monitor VALUES (798, 'B92', 'online', '2019-10-06 17:40:56.336898', 30.5592927923816937);
INSERT INTO public.monitor VALUES (799, 'B92', 'offline', '2019-10-06 17:40:57.511092', 26.4172996201242327);
INSERT INTO public.monitor VALUES (800, 'B92', 'offline', '2019-10-06 17:40:58.683164', 23.2887145878007047);
INSERT INTO public.monitor VALUES (801, 'B92', 'online', '2019-10-06 17:40:59.877676', 17.3621230599232454);
INSERT INTO public.monitor VALUES (802, 'B92', 'offline', '2019-10-06 17:41:01.052663', 47.4113055900059024);
INSERT INTO public.monitor VALUES (803, 'B92', 'online', '2019-10-06 17:41:02.227672', 49.709681154724116);
INSERT INTO public.monitor VALUES (804, 'B92', 'online', '2019-10-06 17:41:03.427572', 32.3849440800506017);
INSERT INTO public.monitor VALUES (805, 'B92', 'offline', '2019-10-06 17:41:04.629636', 15.0942203126828431);
INSERT INTO public.monitor VALUES (806, 'B92', 'offline', '2019-10-06 17:41:05.800243', 24.8094053112666018);
INSERT INTO public.monitor VALUES (807, 'B92', 'offline', '2019-10-06 17:42:15.516606', 27.2970776517072551);
INSERT INTO public.monitor VALUES (808, 'B92', 'offline', '2019-10-06 17:42:16.756865', 22.2717600157778399);
INSERT INTO public.monitor VALUES (809, 'B92', 'offline', '2019-10-06 17:42:17.977721', 17.4441633961904827);
INSERT INTO public.monitor VALUES (810, 'B92', 'offline', '2019-10-06 17:42:19.209943', 48.3637199597072396);
INSERT INTO public.monitor VALUES (811, 'B92', 'offline', '2019-10-06 17:42:20.450717', 25.9145430937352685);
INSERT INTO public.monitor VALUES (812, 'B92', 'online', '2019-10-06 17:42:21.685363', 49.0557868392453855);
INSERT INTO public.monitor VALUES (813, 'B92', 'online', '2019-10-06 17:42:22.901302', 43.7852735585484325);
INSERT INTO public.monitor VALUES (814, 'B92', 'offline', '2019-10-06 17:42:24.100359', 45.8752816079363512);
INSERT INTO public.monitor VALUES (815, 'B92', 'online', '2019-10-06 17:42:25.35428', 15.4183433580113682);
INSERT INTO public.monitor VALUES (816, 'B92', 'offline', '2019-10-06 17:42:26.578803', 19.7205145220301468);
INSERT INTO public.monitor VALUES (817, 'B92', 'offline', '2019-10-06 17:42:57.172716', 45.7671803291100474);
INSERT INTO public.monitor VALUES (818, 'B92', 'offline', '2019-10-06 17:42:58.390963', 23.3571959472658826);
INSERT INTO public.monitor VALUES (819, 'B92', 'online', '2019-10-06 17:42:59.700935', 19.4240787204444985);
INSERT INTO public.monitor VALUES (820, 'B92', 'online', '2019-10-06 17:43:00.927662', 46.6252250157650536);
INSERT INTO public.monitor VALUES (821, 'B92', 'online', '2019-10-06 17:43:02.169398', 33.5340126708399424);
INSERT INTO public.monitor VALUES (822, 'B92', 'online', '2019-10-06 17:43:03.409825', 49.8323845860884589);
INSERT INTO public.monitor VALUES (823, 'B92', 'offline', '2019-10-06 17:43:04.644337', 35.6416119962581561);
INSERT INTO public.monitor VALUES (824, 'B92', 'offline', '2019-10-06 17:43:05.898859', 15.6092516078006138);
INSERT INTO public.monitor VALUES (825, 'B92', 'offline', '2019-10-06 17:43:07.127698', 19.6790733364889761);
INSERT INTO public.monitor VALUES (826, 'B92', 'online', '2019-10-06 17:43:08.375436', 15.8066657247731257);
INSERT INTO public.monitor VALUES (827, 'B92', 'offline', '2019-10-06 17:43:09.630974', 23.6531799331221144);
INSERT INTO public.monitor VALUES (828, 'B92', 'online', '2019-10-06 17:43:10.873593', 21.4322945418081083);
INSERT INTO public.monitor VALUES (829, 'B92', 'online', '2019-10-06 17:43:12.114263', 38.2395707867152055);
INSERT INTO public.monitor VALUES (830, 'B92', 'online', '2019-10-06 17:43:13.354297', 34.6925587236768678);
INSERT INTO public.monitor VALUES (831, 'B92', 'offline', '2019-10-06 17:43:14.608186', 40.3087423340066167);
INSERT INTO public.monitor VALUES (832, 'B92', 'offline', '2019-10-06 17:43:15.892846', 47.4357525277392043);
INSERT INTO public.monitor VALUES (833, 'B92', 'offline', '2019-10-06 17:43:17.107676', 28.6001487367154361);
INSERT INTO public.monitor VALUES (834, 'B92', 'offline', '2019-10-06 17:43:18.385621', 30.8602561717732691);
INSERT INTO public.monitor VALUES (835, 'B92', 'offline', '2019-10-06 17:43:19.633999', 37.2052987564514268);
INSERT INTO public.monitor VALUES (836, 'B92', 'offline', '2019-10-06 17:43:20.857724', 47.0383345484794191);
INSERT INTO public.monitor VALUES (837, 'B92', 'online', '2019-10-06 17:43:22.114306', 40.5822974327482342);
INSERT INTO public.monitor VALUES (838, 'B92', 'online', '2019-10-06 17:43:23.348037', 41.2681523233021039);
INSERT INTO public.monitor VALUES (839, 'B92', 'offline', '2019-10-06 17:43:24.613543', 45.6869127196102838);
INSERT INTO public.monitor VALUES (840, 'B92', 'offline', '2019-10-06 17:43:25.850951', 49.6970374462670534);
INSERT INTO public.monitor VALUES (841, 'B92', 'online', '2019-10-06 17:43:27.067288', 37.4410220405854233);
INSERT INTO public.monitor VALUES (842, 'B92', 'offline', '2019-10-06 17:43:28.284426', 22.8635219002995029);
INSERT INTO public.monitor VALUES (843, 'B92', 'online', '2019-10-06 17:43:29.495073', 21.4932245463287472);
INSERT INTO public.monitor VALUES (844, 'B92', 'offline', '2019-10-06 17:43:30.740956', 18.338809564620373);
INSERT INTO public.monitor VALUES (845, 'B92', 'online', '2019-10-06 17:43:31.980421', 47.8862343698276192);
INSERT INTO public.monitor VALUES (846, 'B92', 'online', '2019-10-06 17:43:33.202964', 37.5083030478475834);
INSERT INTO public.monitor VALUES (847, 'B92', 'offline', '2019-10-06 17:43:34.714311', 24.121309689821576);
INSERT INTO public.monitor VALUES (848, 'B92', 'online', '2019-10-06 17:43:35.896522', 45.5613433383778315);
INSERT INTO public.monitor VALUES (849, 'B92', 'online', '2019-10-06 17:43:37.108905', 35.2866166422407943);
INSERT INTO public.monitor VALUES (850, 'B92', 'offline', '2019-10-06 17:43:38.324295', 20.0122685701850358);
INSERT INTO public.monitor VALUES (851, 'B92', 'online', '2019-10-06 17:43:39.550052', 46.6642863851739804);
INSERT INTO public.monitor VALUES (852, 'B92', 'offline', '2019-10-06 17:43:40.7676', 41.6374575441251693);
INSERT INTO public.monitor VALUES (853, 'B92', 'offline', '2019-10-06 17:43:42.014327', 24.5299872839314332);
INSERT INTO public.monitor VALUES (854, 'B92', 'offline', '2019-10-06 17:43:43.246556', 45.6792051528804279);
INSERT INTO public.monitor VALUES (855, 'B92', 'offline', '2019-10-06 17:43:44.448899', 41.6505091917133683);
INSERT INTO public.monitor VALUES (856, 'B92', 'offline', '2019-10-06 17:43:45.657755', 43.0187573942719368);
INSERT INTO public.monitor VALUES (857, 'B92', 'online', '2019-10-06 17:44:21.372775', 49.0469135404706904);
INSERT INTO public.monitor VALUES (858, 'B92', 'offline', '2019-10-06 17:44:22.608688', 16.9529386825272006);
INSERT INTO public.monitor VALUES (859, 'B92', 'offline', '2019-10-06 17:44:23.80649', 35.0368458963458949);
INSERT INTO public.monitor VALUES (860, 'B92', 'offline', '2019-10-06 17:44:25.016071', 42.0557085021668513);
INSERT INTO public.monitor VALUES (861, 'B92', 'offline', '2019-10-06 17:44:26.265884', 39.0986500583439636);
INSERT INTO public.monitor VALUES (862, 'B92', 'online', '2019-10-06 17:44:27.488642', 32.6375014390373934);
INSERT INTO public.monitor VALUES (863, 'B92', 'online', '2019-10-06 17:44:28.728478', 26.6089016588208551);
INSERT INTO public.monitor VALUES (864, 'B92', 'offline', '2019-10-06 17:44:29.965319', 45.4651187078190162);
INSERT INTO public.monitor VALUES (865, 'B92', 'offline', '2019-10-06 17:44:31.162239', 16.1858481450972569);
INSERT INTO public.monitor VALUES (866, 'B92', 'online', '2019-10-06 17:44:32.376608', 28.2830519502870033);
INSERT INTO public.monitor VALUES (867, 'B92', 'offline', '2019-10-06 17:44:33.592508', 49.9701805341283603);
INSERT INTO public.monitor VALUES (868, 'B92', 'online', '2019-10-06 17:44:34.819957', 19.3171915826690466);
INSERT INTO public.monitor VALUES (869, 'B92', 'online', '2019-10-06 17:44:36.007548', 33.964140690495185);
INSERT INTO public.monitor VALUES (870, 'B92', 'offline', '2019-10-06 17:44:37.22897', 26.4595611199261889);
INSERT INTO public.monitor VALUES (871, 'B92', 'online', '2019-10-06 17:44:38.443345', 41.4283741898213833);
INSERT INTO public.monitor VALUES (872, 'B92', 'offline', '2019-10-06 17:44:39.661018', 28.7318675973898898);
INSERT INTO public.monitor VALUES (873, 'B92', 'offline', '2019-10-06 17:44:40.904275', 17.706025699091402);
INSERT INTO public.monitor VALUES (874, 'B92', 'offline', '2019-10-06 17:44:42.150336', 49.5218114095091479);
INSERT INTO public.monitor VALUES (875, 'B92', 'online', '2019-10-06 17:44:43.379739', 42.0127657911594383);
INSERT INTO public.monitor VALUES (876, 'B92', 'online', '2019-10-06 17:44:44.621088', 20.1705100491585796);
INSERT INTO public.monitor VALUES (877, 'B92', 'online', '2019-10-06 17:44:45.865711', 26.7316016300036345);
INSERT INTO public.monitor VALUES (878, 'B92', 'online', '2019-10-06 17:44:47.073958', 28.8010183819492802);
INSERT INTO public.monitor VALUES (879, 'B92', 'online', '2019-10-06 17:45:59.884293', 24.4041298044601902);
INSERT INTO public.monitor VALUES (880, 'B92', 'online', '2019-10-06 17:46:01.075543', 33.1694015960299993);
INSERT INTO public.monitor VALUES (881, 'B92', 'online', '2019-10-06 17:46:02.339466', 45.1935230722824102);
INSERT INTO public.monitor VALUES (882, 'B92', 'offline', '2019-10-06 17:46:03.55763', 42.534501887549176);
INSERT INTO public.monitor VALUES (883, 'B92', 'online', '2019-10-06 17:46:04.754313', 30.6732601007327723);
INSERT INTO public.monitor VALUES (884, 'B92', 'online', '2019-10-06 17:46:05.987226', 48.0306222491166039);
INSERT INTO public.monitor VALUES (885, 'B92', 'offline', '2019-10-06 17:46:07.211074', 31.6177945259272803);
INSERT INTO public.monitor VALUES (886, 'B92', 'online', '2019-10-06 17:46:08.433591', 36.4231662208425249);
INSERT INTO public.monitor VALUES (887, 'B92', 'offline', '2019-10-06 17:46:09.651044', 24.0443606167572774);
INSERT INTO public.monitor VALUES (888, 'B92', 'online', '2019-10-06 17:46:10.872779', 36.2065160998776676);
INSERT INTO public.monitor VALUES (889, 'B92', 'offline', '2019-10-06 17:46:12.085451', 41.0359457918988113);
INSERT INTO public.monitor VALUES (890, 'B92', 'offline', '2019-10-06 17:46:13.296111', 30.6192735049568974);
INSERT INTO public.monitor VALUES (891, 'B92', 'online', '2019-10-06 17:46:14.514311', 38.9929568720239885);
INSERT INTO public.monitor VALUES (892, 'B92', 'offline', '2019-10-06 17:46:15.749001', 49.8521938753229747);
INSERT INTO public.monitor VALUES (893, 'B92', 'offline', '2019-10-06 17:46:16.975832', 34.3780177890414507);
INSERT INTO public.monitor VALUES (894, 'B92', 'offline', '2019-10-06 17:46:18.194419', 38.5166605278759704);
INSERT INTO public.monitor VALUES (895, 'B92', 'offline', '2019-10-06 17:46:19.40762', 39.753026536198945);
INSERT INTO public.monitor VALUES (896, 'B92', 'offline', '2019-10-06 17:46:20.623402', 45.7583995150370697);
INSERT INTO public.monitor VALUES (897, 'B92', 'offline', '2019-10-06 17:46:21.867692', 26.2170866133356206);
INSERT INTO public.monitor VALUES (898, 'B92', 'online', '2019-10-06 17:46:23.07762', 29.0537591808149465);
INSERT INTO public.monitor VALUES (899, 'B92', 'offline', '2019-10-06 17:46:24.287623', 50.1693765946319488);
INSERT INTO public.monitor VALUES (900, 'B92', 'offline', '2019-10-06 17:47:44.564983', 43.1897062019915836);
INSERT INTO public.monitor VALUES (901, 'B92', 'online', '2019-10-06 17:47:45.879876', 49.32210667509964);
INSERT INTO public.monitor VALUES (902, 'B92', 'online', '2019-10-06 17:47:47.109741', 26.7582405178951461);
INSERT INTO public.monitor VALUES (903, 'B92', 'online', '2019-10-06 17:47:48.33148', 47.3653540754865503);
INSERT INTO public.monitor VALUES (904, 'B92', 'offline', '2019-10-06 17:47:49.552163', 49.4057296993738362);
INSERT INTO public.monitor VALUES (905, 'B92', 'offline', '2019-10-06 17:47:50.759896', 17.4477731082906971);
INSERT INTO public.monitor VALUES (906, 'B92', 'online', '2019-10-06 17:47:51.989337', 19.637255420501738);
INSERT INTO public.monitor VALUES (907, 'B92', 'offline', '2019-10-06 17:47:53.214318', 15.0671802599733677);
INSERT INTO public.monitor VALUES (908, 'B92', 'online', '2019-10-06 17:47:54.449151', 22.9974963503480012);
INSERT INTO public.monitor VALUES (909, 'B92', 'offline', '2019-10-06 17:47:55.660869', 42.0388715640466799);
INSERT INTO public.monitor VALUES (910, 'B92', 'offline', '2019-10-06 17:47:56.872972', 37.1075092970488498);
INSERT INTO public.monitor VALUES (911, 'B92', 'online', '2019-10-06 17:47:58.105735', 27.5724614679013627);
INSERT INTO public.monitor VALUES (912, 'B92', 'offline', '2019-10-06 17:47:59.324282', 50.0829930324505312);
INSERT INTO public.monitor VALUES (913, 'B92', 'online', '2019-10-06 17:48:00.544247', 41.1844992641248453);
INSERT INTO public.monitor VALUES (914, 'B92', 'online', '2019-10-06 17:48:01.784249', 29.7239580597885151);
INSERT INTO public.monitor VALUES (915, 'B92', 'online', '2019-10-06 17:48:03.047615', 25.8182807868650812);
INSERT INTO public.monitor VALUES (916, 'B92', 'online', '2019-10-06 17:48:04.291006', 29.4945488906328457);
INSERT INTO public.monitor VALUES (917, 'B92', 'online', '2019-10-06 17:48:05.507627', 41.8234099886095549);
INSERT INTO public.monitor VALUES (918, 'B92', 'offline', '2019-10-06 17:49:06.500736', 47.1536589005493028);
INSERT INTO public.monitor VALUES (919, 'B92', 'online', '2019-10-06 17:49:07.734921', 22.1626815551011411);
INSERT INTO public.monitor VALUES (920, 'B92', 'offline', '2019-10-06 17:49:08.972193', 28.1826353297900987);
INSERT INTO public.monitor VALUES (921, 'B92', 'online', '2019-10-06 17:49:10.21286', 43.3903011650975259);
INSERT INTO public.monitor VALUES (922, 'B92', 'offline', '2019-10-06 17:49:11.417664', 45.668884903584555);
INSERT INTO public.monitor VALUES (923, 'B92', 'offline', '2019-10-06 17:49:12.629288', 48.1747421085195882);
INSERT INTO public.monitor VALUES (924, 'B92', 'offline', '2019-10-06 17:49:13.86669', 31.5504791664214927);
INSERT INTO public.monitor VALUES (925, 'B92', 'online', '2019-10-06 17:49:15.107537', 45.4344390106934242);
INSERT INTO public.monitor VALUES (926, 'B92', 'offline', '2019-10-06 17:49:16.349636', 15.5979158007207204);
INSERT INTO public.monitor VALUES (927, 'B92', 'online', '2019-10-06 17:49:17.582878', 43.2139382445878368);
INSERT INTO public.monitor VALUES (928, 'B92', 'online', '2019-10-06 17:52:16.860671', 31.3783052864161007);
INSERT INTO public.monitor VALUES (929, 'B92', 'online', '2019-10-06 17:52:18.063716', 36.4662925620782588);
INSERT INTO public.monitor VALUES (930, 'B92', 'offline', '2019-10-06 17:52:19.264297', 22.1415818458841436);
INSERT INTO public.monitor VALUES (931, 'B92', 'online', '2019-10-06 17:52:20.466314', 45.884504505136178);
INSERT INTO public.monitor VALUES (932, 'B92', 'offline', '2019-10-06 17:52:21.69331', 17.6922742824701196);
INSERT INTO public.monitor VALUES (933, 'B92', 'offline', '2019-10-06 17:52:22.89367', 34.9783034529594943);
INSERT INTO public.monitor VALUES (934, 'B92', 'offline', '2019-10-06 17:52:24.105257', 24.1257181635805544);
INSERT INTO public.monitor VALUES (935, 'B92', 'online', '2019-10-06 17:52:25.306115', 37.0655976011688466);
INSERT INTO public.monitor VALUES (936, 'B92', 'online', '2019-10-06 17:52:26.504288', 36.5381548151782027);
INSERT INTO public.monitor VALUES (937, 'B92', 'offline', '2019-10-06 17:52:27.690942', 44.8462303348329669);
INSERT INTO public.monitor VALUES (938, 'B92', 'offline', '2019-10-06 17:52:28.877344', 49.8896404597416847);
INSERT INTO public.monitor VALUES (939, 'B92', 'online', '2019-10-06 17:52:30.098724', 29.7873676211614153);
INSERT INTO public.monitor VALUES (940, 'B92', 'offline', '2019-10-06 17:52:31.292323', 47.447710596885436);
INSERT INTO public.monitor VALUES (941, 'B92', 'online', '2019-10-06 17:52:32.524245', 50.2371867627288751);
INSERT INTO public.monitor VALUES (942, 'B92', 'offline', '2019-10-06 17:52:33.724993', 34.5824905644102003);
INSERT INTO public.monitor VALUES (943, 'B92', 'online', '2019-10-06 17:52:34.907569', 23.4458573920515505);
INSERT INTO public.monitor VALUES (944, 'B92', 'online', '2019-10-06 17:52:36.110879', 34.5169430855300021);
INSERT INTO public.monitor VALUES (945, 'B92', 'online', '2019-10-06 17:52:37.324317', 28.4450633058826909);
INSERT INTO public.monitor VALUES (946, 'B92', 'online', '2019-10-06 17:52:38.502652', 22.7412588373051108);
INSERT INTO public.monitor VALUES (947, 'B92', 'offline', '2019-10-06 17:52:39.713069', 20.2644961841295022);
INSERT INTO public.monitor VALUES (948, 'B92', 'offline', '2019-10-06 17:54:17.18089', 37.4307606701147151);
INSERT INTO public.monitor VALUES (949, 'B92', 'online', '2019-10-06 17:54:18.363757', 22.9842645043824021);
INSERT INTO public.monitor VALUES (950, 'B92', 'online', '2019-10-06 17:54:19.547268', 18.3012595818167547);
INSERT INTO public.monitor VALUES (951, 'B92', 'offline', '2019-10-06 17:54:20.745553', 21.1990094827190241);
INSERT INTO public.monitor VALUES (952, 'B92', 'offline', '2019-10-06 17:54:21.934318', 25.2909489678189523);
INSERT INTO public.monitor VALUES (953, 'B92', 'online', '2019-10-06 17:54:23.140889', 19.1166186991380442);
INSERT INTO public.monitor VALUES (954, 'B92', 'online', '2019-10-06 17:54:24.321588', 32.6069319320772024);
INSERT INTO public.monitor VALUES (955, 'B92', 'offline', '2019-10-06 17:54:25.522895', 25.3981490661303226);
INSERT INTO public.monitor VALUES (956, 'B92', 'online', '2019-10-06 17:54:26.703076', 40.1140805377658296);
INSERT INTO public.monitor VALUES (957, 'B92', 'offline', '2019-10-06 17:54:27.876908', 41.8952461150113749);
INSERT INTO public.monitor VALUES (958, 'B92', 'offline', '2019-10-06 17:54:29.082756', 31.6497247695427291);
INSERT INTO public.monitor VALUES (959, 'B92', 'online', '2019-10-06 17:54:30.284351', 40.476751625744555);
INSERT INTO public.monitor VALUES (960, 'B92', 'online', '2019-10-06 17:54:31.505488', 49.9719989734888017);
INSERT INTO public.monitor VALUES (961, 'B92', 'online', '2019-10-06 17:54:32.674275', 23.8679665833235575);
INSERT INTO public.monitor VALUES (962, 'B92', 'offline', '2019-10-06 17:54:33.900939', 34.7761147015160503);
INSERT INTO public.monitor VALUES (963, 'B92', 'offline', '2019-10-06 17:54:35.07651', 46.8759784505492689);
INSERT INTO public.monitor VALUES (964, 'B92', 'offline', '2019-10-06 17:54:36.280944', 33.9103220674794272);
INSERT INTO public.monitor VALUES (965, 'B92', 'offline', '2019-10-06 17:54:37.482697', 22.8363974159370606);
INSERT INTO public.monitor VALUES (966, 'B92', 'online', '2019-10-06 17:54:38.67722', 19.0968169459908097);
INSERT INTO public.monitor VALUES (967, 'B92', 'online', '2019-10-06 17:54:39.885734', 47.4261785192125487);
INSERT INTO public.monitor VALUES (968, 'B92', 'online', '2019-10-06 17:54:41.085378', 40.1197824145538107);
INSERT INTO public.monitor VALUES (969, 'B92', 'online', '2019-10-06 17:54:42.270968', 37.7517363989712038);
INSERT INTO public.monitor VALUES (970, 'B92', 'online', '2019-10-06 17:54:43.483576', 34.2271816244509495);
INSERT INTO public.monitor VALUES (971, 'B92', 'online', '2019-10-06 17:54:44.703265', 42.0251612797903249);
INSERT INTO public.monitor VALUES (972, 'B92', 'offline', '2019-10-06 17:54:45.916834', 26.2985960062371831);
INSERT INTO public.monitor VALUES (973, 'B92', 'online', '2019-10-06 17:54:47.112298', 41.7989773890191998);
INSERT INTO public.monitor VALUES (974, 'B92', 'offline', '2019-10-06 17:54:48.310883', 25.6318152795471192);
INSERT INTO public.monitor VALUES (975, 'B92', 'offline', '2019-10-06 17:54:49.544363', 30.1047511418910503);
INSERT INTO public.monitor VALUES (976, 'B92', 'offline', '2019-10-06 17:54:50.746445', 20.6864520219346026);
INSERT INTO public.monitor VALUES (977, 'B92', 'offline', '2019-10-06 17:54:51.95033', 30.6286257262640014);
INSERT INTO public.monitor VALUES (978, 'B92', 'online', '2019-10-06 17:54:53.136831', 19.039752779497185);
INSERT INTO public.monitor VALUES (979, 'B92', 'offline', '2019-10-06 17:54:54.363529', 40.0712596208737466);
INSERT INTO public.monitor VALUES (980, 'B92', 'offline', '2019-10-06 17:54:55.556589', 26.8752662461762739);
INSERT INTO public.monitor VALUES (981, 'B92', 'offline', '2019-10-06 17:54:56.755651', 40.45170005646645);
INSERT INTO public.monitor VALUES (982, 'B92', 'offline', '2019-10-06 17:54:57.928784', 16.3568826771328943);
INSERT INTO public.monitor VALUES (983, 'B92', 'online', '2019-10-06 17:54:59.139312', 47.1965205599236057);
INSERT INTO public.monitor VALUES (984, 'B92', 'offline', '2019-10-06 17:55:00.315516', 45.2599939791972972);
INSERT INTO public.monitor VALUES (985, 'B92', 'online', '2019-10-06 17:55:01.503657', 35.1298911117578712);
INSERT INTO public.monitor VALUES (986, 'B92', 'offline', '2019-10-06 17:55:02.710196', 40.3935743783400483);
INSERT INTO public.monitor VALUES (987, 'B92', 'offline', '2019-10-06 17:55:03.898714', 30.2007816569426026);
INSERT INTO public.monitor VALUES (988, 'S10', 'offline', '2019-10-06 18:00:47.804107', 28.7358805327243552);
INSERT INTO public.monitor VALUES (989, 'S10', 'offline', '2019-10-06 18:00:48.98883', 40.0917067092304507);
INSERT INTO public.monitor VALUES (990, 'B92', 'offline', '2019-10-06 18:00:53.781252', 46.2330551120953501);
INSERT INTO public.monitor VALUES (991, 'B92', 'online', '2019-10-06 18:00:54.984207', 33.3791387352513951);
INSERT INTO public.monitor VALUES (992, 'B92', 'online', '2019-10-06 18:00:56.19166', 16.3176885715112334);
INSERT INTO public.monitor VALUES (993, 'B92', 'online', '2019-10-06 18:05:06.93303', 48.6751966041204369);
INSERT INTO public.monitor VALUES (994, 'B92', 'offline', '2019-10-06 18:05:08.119006', 18.5525088138098866);
INSERT INTO public.monitor VALUES (995, 'B92', 'offline', '2019-10-06 18:05:09.659778', 28.1730654084036587);
INSERT INTO public.monitor VALUES (996, 'B92', 'online', '2019-10-06 18:05:10.864288', 44.5785029654464822);
INSERT INTO public.monitor VALUES (997, 'B92', 'online', '2019-10-06 18:05:12.070726', 16.3764067965903735);
INSERT INTO public.monitor VALUES (998, 'B92', 'online', '2019-10-06 18:05:13.259326', 48.1249318820081413);
INSERT INTO public.monitor VALUES (999, 'B92', 'offline', '2019-10-06 18:05:14.446693', 23.5304416953730779);
INSERT INTO public.monitor VALUES (1000, 'B92', 'offline', '2019-10-06 18:05:15.649182', 39.0466327167224421);
INSERT INTO public.monitor VALUES (1001, 'B92', 'offline', '2019-10-06 18:05:16.870874', 39.1739367211755365);
INSERT INTO public.monitor VALUES (1002, 'B92', 'online', '2019-10-06 18:05:18.087444', 25.1223459771854571);
INSERT INTO public.monitor VALUES (1003, 'B92', 'offline', '2019-10-06 18:05:19.288636', 28.2056814317487685);
INSERT INTO public.monitor VALUES (1004, 'B92', 'online', '2019-10-06 18:05:20.485215', 45.7429841978185721);
INSERT INTO public.monitor VALUES (1005, 'B92', 'online', '2019-10-06 18:05:21.66749', 16.3039318400823348);
INSERT INTO public.monitor VALUES (1006, 'B92', 'online', '2019-10-06 18:05:22.890912', 43.0657856214721591);
INSERT INTO public.monitor VALUES (1007, 'B92', 'offline', '2019-10-06 18:05:24.108957', 33.4354158662549992);
INSERT INTO public.monitor VALUES (1008, 'B92', 'offline', '2019-10-06 18:05:25.306229', 17.6749077130108567);
INSERT INTO public.monitor VALUES (1009, 'B92', 'online', '2019-10-06 18:05:26.506043', 50.216385707895995);
INSERT INTO public.monitor VALUES (1010, 'B92', 'offline', '2019-10-06 18:05:27.726372', 16.5329849059570755);
INSERT INTO public.monitor VALUES (1011, 'B92', 'online', '2019-10-06 18:05:28.94419', 33.3237208669875287);
INSERT INTO public.monitor VALUES (1012, 'B92', 'online', '2019-10-06 18:05:30.16993', 24.0339919795859842);
INSERT INTO public.monitor VALUES (1013, 'S10', 'offline', '2019-10-06 20:00:51.052946', 26.5981329596650546);
INSERT INTO public.monitor VALUES (1014, 'S10', 'online', '2019-10-06 20:00:52.559764', 45.1236267776245867);
INSERT INTO public.monitor VALUES (1015, 'S10', 'offline', '2019-10-06 20:00:53.795806', 30.8087479717109716);
INSERT INTO public.monitor VALUES (1016, 'S10', 'online', '2019-10-06 20:00:55.025427', 21.0303808041062261);
INSERT INTO public.monitor VALUES (1017, 'S10', 'offline', '2019-10-06 20:00:56.257324', 39.2842597996754961);
INSERT INTO public.monitor VALUES (1018, 'S10', 'online', '2019-10-06 20:00:57.487946', 30.6928896415759809);
INSERT INTO public.monitor VALUES (1019, 'S10', 'offline', '2019-10-06 20:00:58.718166', 32.6180208437741896);
INSERT INTO public.monitor VALUES (1020, 'S10', 'online', '2019-10-06 20:00:59.948119', 18.4294379447512746);
INSERT INTO public.monitor VALUES (1021, 'S10', 'online', '2019-10-06 20:01:01.176871', 25.1231230028120365);
INSERT INTO public.monitor VALUES (1022, 'S10', 'offline', '2019-10-06 20:01:02.391895', 26.6139636892443825);
INSERT INTO public.monitor VALUES (1023, 'S10', 'offline', '2019-10-06 20:01:03.636749', 25.0969368003528999);
INSERT INTO public.monitor VALUES (1024, 'S10', 'online', '2019-10-06 20:01:04.871945', 35.3017726733670401);
INSERT INTO public.monitor VALUES (1025, 'S10', 'offline', '2019-10-06 20:01:06.098017', 45.6725154845038759);
INSERT INTO public.monitor VALUES (1026, 'S10', 'online', '2019-10-06 20:01:07.307989', 17.0665200146636202);
INSERT INTO public.monitor VALUES (1027, 'S10', 'offline', '2019-10-06 20:01:08.536772', 47.2237965160641195);
INSERT INTO public.monitor VALUES (1028, 'S10', 'offline', '2019-10-06 20:01:09.753454', 47.4273631310927044);
INSERT INTO public.monitor VALUES (1029, 'S10', 'offline', '2019-10-06 20:01:10.986946', 28.9518271998176999);
INSERT INTO public.monitor VALUES (1030, 'S10', 'online', '2019-10-06 20:01:12.230047', 22.9881371087608244);
INSERT INTO public.monitor VALUES (1031, 'S10', 'online', '2019-10-06 20:01:13.460224', 24.33254795776012);
INSERT INTO public.monitor VALUES (1032, 'S10', 'offline', '2019-10-06 20:01:14.696592', 39.1368929520929285);
INSERT INTO public.monitor VALUES (1033, 'S10', 'online', '2019-10-06 20:01:15.937007', 25.2959717683618095);
INSERT INTO public.monitor VALUES (1034, 'S10', 'online', '2019-10-06 20:01:17.166539', 26.7977130498152505);
INSERT INTO public.monitor VALUES (1035, 'S10', 'offline', '2019-10-06 20:01:18.386257', 30.2031290868232141);
INSERT INTO public.monitor VALUES (1036, 'S10', 'offline', '2019-10-06 20:01:19.618759', 19.987055579800959);
INSERT INTO public.monitor VALUES (1037, 'S11', 'offline', '2019-10-07 01:20:12.131049', 27.8830457006044767);
INSERT INTO public.monitor VALUES (1038, 'S11', 'offline', '2019-10-07 01:20:13.36993', 32.4266591260006365);
INSERT INTO public.monitor VALUES (1039, 'S11', 'online', '2019-10-07 01:20:14.569816', 27.8618633332712022);
INSERT INTO public.monitor VALUES (1040, 'S11', 'online', '2019-10-07 01:20:15.829055', 17.4880245512443651);
INSERT INTO public.monitor VALUES (1041, 'S11', 'online', '2019-10-07 01:20:17.049811', 22.9491238347321342);
INSERT INTO public.monitor VALUES (1042, 'S11', 'offline', '2019-10-07 01:20:18.235272', 28.3708452200425754);
INSERT INTO public.monitor VALUES (1043, 'S11', 'online', '2019-10-07 01:20:19.476467', 48.8725532418995812);
INSERT INTO public.monitor VALUES (1044, 'S11', 'online', '2019-10-07 01:20:20.685684', 20.2125634902125704);
INSERT INTO public.monitor VALUES (1045, 'S11', 'offline', '2019-10-07 01:20:21.91991', 36.9472407548656747);
INSERT INTO public.monitor VALUES (1046, 'S11', 'online', '2019-10-07 01:20:23.102343', 23.6319220442378324);
INSERT INTO public.monitor VALUES (1047, 'S11', 'online', '2019-10-07 01:20:24.283226', 30.4785594878455797);
INSERT INTO public.monitor VALUES (1048, 'S11', 'offline', '2019-10-07 01:20:25.505173', 37.3064281408725122);
INSERT INTO public.monitor VALUES (1049, 'S11', 'offline', '2019-10-07 01:20:26.706627', 33.8104675280611531);
INSERT INTO public.monitor VALUES (1050, 'S11', 'offline', '2019-10-07 01:20:27.945204', 30.0491052018284535);
INSERT INTO public.monitor VALUES (1051, 'S11', 'offline', '2019-10-07 01:20:29.112486', 18.8372174213153798);
INSERT INTO public.monitor VALUES (1052, 'S11', 'offline', '2019-10-07 01:20:30.302782', 34.0924846390532252);
INSERT INTO public.monitor VALUES (1053, 'S11', 'offline', '2019-10-07 01:20:31.555108', 25.7762285296556577);
INSERT INTO public.monitor VALUES (1054, 'S11', 'online', '2019-10-07 01:20:32.741708', 18.9763468383223071);
INSERT INTO public.monitor VALUES (1055, 'S11', 'online', '2019-10-07 01:20:33.975336', 15.470732266158052);
INSERT INTO public.monitor VALUES (1056, 'S11', 'offline', '2019-10-07 01:20:35.164642', 17.8985072598641786);
INSERT INTO public.monitor VALUES (1057, 'S11', 'online', '2019-10-07 01:20:36.400207', 48.551602980260526);
INSERT INTO public.monitor VALUES (1058, 'S11', 'online', '2019-10-07 01:20:37.579961', 40.0275850062900957);
INSERT INTO public.monitor VALUES (1059, 'S11', 'online', '2019-10-07 01:20:38.75', 36.5534666141825468);
INSERT INTO public.monitor VALUES (1060, 'S11', 'offline', '2019-10-07 01:20:39.95664', 36.2290032992516586);
INSERT INTO public.monitor VALUES (1061, 'S11', 'online', '2019-10-07 01:20:41.16993', 43.0540362556383229);
INSERT INTO public.monitor VALUES (1062, 'S11', 'online', '2019-10-07 01:20:42.359833', 34.0009533389109038);
INSERT INTO public.monitor VALUES (1063, 'S11', 'online', '2019-10-07 01:20:43.547846', 18.9705857738519086);
INSERT INTO public.monitor VALUES (1064, 'S11', 'offline', '2019-10-07 01:20:44.765287', 38.5157226305648734);
INSERT INTO public.monitor VALUES (1065, 'S11', 'offline', '2019-10-07 01:20:45.948103', 30.3052339281921732);
INSERT INTO public.monitor VALUES (1066, 'S11', 'online', '2019-10-07 01:20:47.15739', 36.4946934399220737);
INSERT INTO public.monitor VALUES (1067, 'S11', 'online', '2019-10-07 01:20:48.381747', 48.6411336363898457);
INSERT INTO public.monitor VALUES (1068, 'S11', 'online', '2019-10-07 01:20:49.57168', 36.6379086665090483);
INSERT INTO public.monitor VALUES (1069, 'S11', 'online', '2019-10-07 01:20:50.809245', 18.0656768283506715);
INSERT INTO public.monitor VALUES (1070, 'S11', 'online', '2019-10-07 01:20:52.002285', 46.685807162945629);
INSERT INTO public.monitor VALUES (1071, 'S11', 'online', '2019-10-07 01:20:53.249944', 17.1574871133108324);
INSERT INTO public.monitor VALUES (1072, 'S11', 'online', '2019-10-07 01:20:54.489241', 22.7414439336071013);
INSERT INTO public.monitor VALUES (1073, 'S11', 'online', '2019-10-07 01:20:55.686184', 36.9240248516983982);
INSERT INTO public.monitor VALUES (1074, 'S11', 'online', '2019-10-07 01:20:56.932537', 31.8150208118197391);
INSERT INTO public.monitor VALUES (1075, 'S11', 'offline', '2019-10-07 01:20:58.17492', 34.2419467053559146);
INSERT INTO public.monitor VALUES (1076, 'S11', 'offline', '2019-10-07 01:20:59.344422', 20.1663239565420973);
INSERT INTO public.monitor VALUES (1077, 'S11', 'online', '2019-10-07 01:21:00.531988', 25.9513530809490121);
INSERT INTO public.monitor VALUES (1078, 'S11', 'online', '2019-10-07 01:21:01.711146', 28.5211591715183772);
INSERT INTO public.monitor VALUES (1079, 'S11', 'offline', '2019-10-07 01:21:39.98696', 42.3524683026485604);
INSERT INTO public.monitor VALUES (1080, 'S11', 'online', '2019-10-07 01:21:41.202891', 25.7801538281867622);
INSERT INTO public.monitor VALUES (1081, 'S11', 'offline', '2019-10-07 01:21:42.419249', 35.1286130632897269);
INSERT INTO public.monitor VALUES (1082, 'S11', 'online', '2019-10-07 01:21:43.649852', 23.5317016173523648);


--
-- Data for Name: users; Type: TABLE DATA; Schema: public; Owner: postgres
--

INSERT INTO public.users VALUES (1, 'koustav', 'd4c70f6af70abf79e4f971aa4419e7bc463532aa');
INSERT INTO public.users VALUES (2, 'arpan', 'd4c70f6af70abf79e4f971aa4419e7bc463532aa');
INSERT INTO public.users VALUES (3, 'john', 'd4c70f6af70abf79e4f971aa4419e7bc463532aa');
INSERT INTO public.users VALUES (4, 'jane', 'd4c70f6af70abf79e4f971aa4419e7bc463532aa');


--
-- Name: monitor_id_seq; Type: SEQUENCE SET; Schema: public; Owner: postgres
--

SELECT pg_catalog.setval('public.monitor_id_seq', 1082, true);


--
-- Name: user_userid_seq; Type: SEQUENCE SET; Schema: public; Owner: postgres
--

SELECT pg_catalog.setval('public.user_userid_seq', 4, true);


--
-- Name: device device_pkey; Type: CONSTRAINT; Schema: public; Owner: postgres
--

ALTER TABLE ONLY public.device
    ADD CONSTRAINT device_pkey PRIMARY KEY (deviceid);


--
-- Name: monitor monitor_pkey; Type: CONSTRAINT; Schema: public; Owner: postgres
--

ALTER TABLE ONLY public.monitor
    ADD CONSTRAINT monitor_pkey PRIMARY KEY (id);


--
-- Name: monitor unique_time_device; Type: CONSTRAINT; Schema: public; Owner: postgres
--

ALTER TABLE ONLY public.monitor
    ADD CONSTRAINT unique_time_device UNIQUE (deviceid, "time");


--
-- Name: users user_pkey; Type: CONSTRAINT; Schema: public; Owner: postgres
--

ALTER TABLE ONLY public.users
    ADD CONSTRAINT user_pkey PRIMARY KEY (userid);


--
-- Name: device fk_device_user; Type: FK CONSTRAINT; Schema: public; Owner: postgres
--

ALTER TABLE ONLY public.device
    ADD CONSTRAINT fk_device_user FOREIGN KEY (userid) REFERENCES public.users(userid);


--
-- Name: monitor monitor_deviceid_fkey; Type: FK CONSTRAINT; Schema: public; Owner: postgres
--

ALTER TABLE ONLY public.monitor
    ADD CONSTRAINT monitor_deviceid_fkey FOREIGN KEY (deviceid) REFERENCES public.device(deviceid);


--
-- PostgreSQL database dump complete
--

